{"created_at":"Sun Mar 06 04:38:27 +0000 2016","id":706338126302736386,"id_str":"706338126302736386","text":"RT @ruralj: Agreed https:\/\/t.co\/sPRqDTHhkM","source":"\u003ca href=\"http:\/\/twitter.com\/download\/iphone\" rel=\"nofollow\"\u003eTwitter for iPhone\u003c\/a\u003e","truncated":false,"in_reply_to_status_id":null,"in_reply_to_status_id_str":null,"in_reply_to_user_id":null,"in_reply_to_user_id_str":null,"in_reply_to_screen_name":null,"user":{"id":333403196,"id_str":"333403196","name":"Timothy Ewert","screen_name":"timrewert","location":null,"url":null,"description":null,"protected":false,"verified":false,"followers_count":54,"friends_count":318,"listed_count":4,"favourites_count":53,"statuses_count":1726,"created_at":"Mon Jul 11 13:51:50 +0000 2011","utc_offset":null,"time_zone":null,"geo_enabled":false,"lang":"en","contributors_enabled":false,"is_translator":false,"profile_background_color":"C0DEED","profile_background_image_url":"http:\/\/abs.twimg.com\/images\/themes\/theme1\/bg.png","profile_background_image_url_https":"https:\/\/abs.twimg.com\/images\/themes\/theme1\/bg.png","profile_background_tile":false,"profile_link_color":"0084B4","profile_sidebar_border_color":"C0DEED","profile_sidebar_fill_color":"DDEEF6","profile_text_color":"333333","profile_use_background_image":true,"profile_image_url":"http:\/\/pbs.twimg.com\/profile_images\/2433618746\/PhotoChooser-8aaca738-7713-4dd1-b703-722538542c55_normal.jpg","profile_image_url_https":"https:\/\/pbs.twimg.com\/profile_images\/2433618746\/PhotoChooser-8aaca738-7713-4dd1-b703-722538542c55_normal.jpg","default_profile":true,"default_profile_image":false,"following":null,"follow_request_sent":null,"notifications":null},"geo":null,"coordinates":null,"place":null,"contributors":null,"retweeted_status":{"created_at":"Sun Mar 06 03:15:20 +0000 2016","id":706317213003849728,"id_str":"706317213003849728","text":"Agreed https:\/\/t.co\/sPRqDTHhkM","source":"\u003ca href=\"http:\/\/twitter.com\" rel=\"nofollow\"\u003eTwitter Web Client\u003c\/a\u003e","truncated":false,"in_reply_to_status_id":null,"in_reply_to_status_id_str":null,"in_reply_to_user_id":null,"in_reply_to_user_id_str":null,"in_reply_to_screen_name":null,"user":{"id":16352611,"id_str":"16352611","name":"Al Cross","screen_name":"ruralj","location":"University of Kentucky","url":"http:\/\/www.RuralJournalism.org","description":"Dir.,Inst.for RuralJournalism&Community Issues; assoc. prof., School of Journalism; senator,Coll.ofCommunication&Info.; political columnist, The Courier-Journal","protected":false,"verified":false,"followers_count":3644,"friends_count":767,"listed_count":138,"favourites_count":95,"statuses_count":4718,"created_at":"Thu Sep 18 20:22:51 +0000 2008","utc_offset":-18000,"time_zone":"Quito","geo_enabled":true,"lang":"en","contributors_enabled":false,"is_translator":false,"profile_background_color":"C0DEED","profile_background_image_url":"http:\/\/abs.twimg.com\/images\/themes\/theme1\/bg.png","profile_background_image_url_https":"https:\/\/abs.twimg.com\/images\/themes\/theme1\/bg.png","profile_background_tile":false,"profile_link_color":"0084B4","profile_sidebar_border_color":"C0DEED","profile_sidebar_fill_color":"DDEEF6","profile_text_color":"333333","profile_use_background_image":true,"profile_image_url":"http:\/\/pbs.twimg.com\/profile_images\/322165827\/Crossnewphotosmall_normal.jpg","profile_image_url_https":"https:\/\/pbs.twimg.com\/profile_images\/322165827\/Crossnewphotosmall_normal.jpg","profile_banner_url":"https:\/\/pbs.twimg.com\/profile_banners\/16352611\/1364169121","default_profile":true,"default_profile_image":false,"following":null,"follow_request_sent":null,"notifications":null},"geo":null,"coordinates":null,"place":null,"contributors":null,"quoted_status_id":706316719699202048,"quoted_status_id_str":"706316719699202048","quoted_status":{"created_at":"Sun Mar 06 03:13:23 +0000 2016","id":706316719699202048,"id_str":"706316719699202048","text":"If Trump cannot do better in closed primary states &amp; caucuses, Cruz may keep him from 1,237 delegates, sez @jmartNYT https:\{"created_at":"Sun Mar 06 04:42:30 +0000 2016","id":706339146755764224,"id_str":"706339146755764224","text":"Debbie W acting like she'd rather lose with Hillary than win with Bernie. She shd've been fired after 2014 elections https:\/\/t.co\/gm0uGrVANf","source":"\u003ca href=\"http:\/\/twitter.com\" rel=\"nofollow\"\u003eTwitter Web Client\u003c\/a\u003e","truncated":false,"in_reply_to_status_id":null,"in_reply_to_status_id_str":null,"in_reply_to_user_id":null,"in_reply_to_user_id_str":null,"in_reply_to_screen_name":null,"user":{"id":71695172,"id_str":"71695172","name":"Carl Stilwell","screen_name":"DarylStrahman","location":"Pasadena, CA","url":null,"description":"Born in Oklahoma City. Union teacher for over 30 years in LA. Poet & papa of 2 sons, older lives in Hiroshima, younger in Brooklyn.","protected":false,"verified":false,"followers_count":1316,"friends_count":1967,"listed_count":45,"favourites_count":2428,"statuses_count":22315,"created_at":"Sat Sep 05 01:41:43 +0000 2009","utc_offset":-28800,"time_zone":"Pacific Time (US & Canada)","geo_enabled":true,"lang":"en","contributors_enabled":false,"is_translator":false,"profile_background_color":"ACDED6","profile_background_image_url":"http:\/\/abs.twimg.com\/images\/themes\/theme18\/bg.gif","profile_background_image_url_https":"https:\/\/abs.twimg.com\/images\/themes\/theme18\/bg.gif","profile_background_tile":false,"profile_link_color":"038543","profile_sidebar_border_color":"EEEEEE","profile_sidebar_fill_color":"F6F6F6","profile_text_color":"333333","profile_use_background_image":true,"profile_image_url":"http:\/\/pbs.twimg.com\/profile_images\/536773315013005315\/WQthE84j_normal.jpeg","profile_image_url_https":"https:\/\/pbs.twimg.com\/profile_images\/536773315013005315\/WQthE84j_normal.jpeg","default_profile":false,"default_profile_image":false,"following":null,"follow_request_sent":null,"notifications":null},"geo":null,"coordinates":null,"place":null,"contributors":null,"quoted_status_id":705197316991492096,"quoted_status_id_str":"705197316991492096","quoted_status":{"created_at":"Thu Mar 03 01:05:16 +0000 2016","id":705197316991492096,"id_str":"705197316991492096","text":"There are people who voted for Hillary bc they've been falsely led to believe she's the most electable in a general https:\/\/t.co\/MW9wydusjh","source":"\u003ca href=\"http:\/\/twitter.com\/download\/iphone\" rel=\"nofollow\"\u003eTwitter for iPhone\u003c\/a\u003e","truncated":false,"in_reply_to_status_id":null,"in_reply_to_status_id_str":null,"in_reply_to_user_id":null,"in_reply_to_user_id_str":null,"in_reply_to_screen_name":null,"user":{"id":37501003,"id_str":"37501003","name":"Rania Khalek","screen_name":"RaniaKhalek","location":null,"url":"http:\/\/raniakhalek.com\/","description":"Journalist with opinions. Associate editor at http:\/\/electronicintifada.net. Co-host of @UnauthorizedDis.","protected":false,"verified":false,"followers_count":79015,"friends_count":1456,"listed_count":2321,"favourites_count":18221,"statuses_count":57574,"created_at":"Sun May 03 21:01:20 +0000 2009","utc_offset":-18000,"time_zone":"Eastern Time (US & Canada)","geo_enabled":false,"lang":"en","contributors_enabled":false,"is_translator":false,"profile_background_color":"1A1B1F","profile_background_image_url":"http:\/\/pbs.twimg.com\/profile_background_images\/449603211851096064\/GeFLg-X6.jpeg","profile_background_image_url_https":"https:\/\/pbs.twimg.com\/profile_background_images\/449603211851096064\/GeFLg-X6.jpeg","profile_background_tile":true,"profile_link_color":"3B94D9","profile_sidebar_border_color":"FFFFFF","profile_sidebar_fill_color":"252429","profile_text_color":"666666","profile_use_background_image":true,"profile_image_url":"http:\/\/pbs.twimg.com\/profile_images\/619358067302526976\/qQrv2VwW_normal.jpg","profile_image_url_https":"https:\/\/pbs.twimg.com\/profile_images\/619358067302526976\/qQrv2VwW_normal.jpg","profile_banner_url":"https:\/\/pbs.twimg.com\/profile_banners\/37501003\/1430871159","default_profile":false,"default_profile_image":false,"following":null,"follow_request_sent":null,"notifications":null},"geo":null,"coordinates":null,"place":null,"contributors":null,"is_quote_status":false,"retweet_count":0,"favorite_count":0,"entities":{"hashtags":[],"urls":[{"url":"https:\/\/t.co\/MW9wydusjh","expanded_url":"http:\/\/mobile.nytimes.com\/2016\/03\/02\/us\/politics\/hillary-clinton-bernie-sanders.html?referer=https:\/\/www.google.com\/","display_url":"mobile.nytimes.com\/2016\/03\/02\/us\/\u2026","indices":[116,139]}],"user_mentions":[],"symbols":[]},"favorited":false,"retweeted":false,"possibly_sensitive":false,"filter_level":"low","lang":"en"},"is_quote_status":true,"retweet_count":0,"favorite_count":0,"entities":{"hashtags":[],"urls":[{"url":"https:\/\/t.co\/gm0uGrVANf","expanded_url":"https:\/\/twitter.com\/RaniaKhalek\/status\/705197316991492096","display_url":"twitter.com\/RaniaKhalek\/st\u2026","indices":[117,140]}],"user_mentions":[],"symbols":[]},"favorited":false,"retweeted":false,"possibly_sensitive":false,"filter_level":"low","lang":"en","timestamp_ms":"1457239350390"}




