Abbott	63
Ach_A	41
Alfier	242
Allen	50
Alumni	516
Anders	30
Baird	513
Baldy	1312
Bell	210
Bioed	209
Biores	135
Bonner	1
Capen	389
Cary	136
Cfa	1378
Clark	40
Clemen	1167
Cooke	690
Crltn	20
Crosby	640
Davis	214
Dfn	1596
Dfn_A	30
Dorshe	1
Farber	1039
Filmor	976
Foster	45
Frnczk	425
Furnas	334
Greiner	120
Hayes	4
HayesB	30
Hayesb	14
Hoch	434
Jacobs	491
Jarvis	126
Kapoor	780
Ketter	72
Kimbal	468
Knox	1262
Lockwd	40
Math	153
Mrc	50
Norton	605
Nsc	1816
Obrian	1063
Park	657
Parker	154
Rchmnd	8
Roosevelt	8
Rsrch	20
Shrmn	93
Slee	687
Spldng	73
Squire	148
Studen	3
Talbrt	314
Wende	325
Wilksn	164
