empty,F,10:00AM - 10:59AM,35,Talbrt 113,	1
empty,F,11:00AM - 11:59AM,10,Furnas 416,	1
empty,F,11:00AM - 11:59AM,120,Kimbal 125,	1
empty,F,12:00PM - 12:59PM,12,Bioed 230,	1
empty,F,12:00PM - 12:59PM,21,Bell 325,	1
empty,F,12:00PM - 12:59PM,45,Clemen 17,	1
empty,F,1:00PM - 1:59PM,225,Dfn 146,	1
empty,F,1:00PM - 1:59PM,46,Baldy 110,	1
empty,F,1:00PM - 1:59PM,50,Cfa B83,	1
empty,F,1:00PM - 1:59PM,50,Dfn 202,	1
empty,F,2:00PM - 2:59PM,20,Baldy 112,	1
empty,F,2:00PM - 2:59PM,28,Talbrt 112,	1
empty,F,3:00PM - 3:59PM,250,Filmor 170,	1
empty,F,3:00PM - 3:59PM,97,Nsc 205,	1
empty,F,4:00PM - 4:59PM,13,Cfa B76,	1
empty,F,5:00PM - 5:59PM,110,Crosby 301,	1
empty,F,8:00AM - 8:59AM,42,Kimbal 108,	1
empty,F,8:00AM - 8:59AM,48,Dfn 103,	1
empty,F,9:00AM - 9:59AM,260,Filmor 102,	1
empty,F,9:00AM - 9:59AM,48,Dfn 205,	1
empty,M,10:00AM - 10:59AM,35,Talbrt 113,	1
empty,M,10:00AM - 10:59AM,40,Kapoor 183A,	1
empty,M,11:00AM - 11:59AM,120,Kimbal 125,	1
empty,M,11:00AM - 11:59AM,18,Cfa 286,	1
empty,M,12:00PM - 12:59PM,45,Clemen 17,	1
empty,M,12:00PM - 12:59PM,47,Capen 201A,	1
empty,M,12:00PM - 12:59PM,58,Cfa 220,	1
empty,M,1:00PM - 1:59PM,225,Dfn 146,	1
empty,M,1:00PM - 1:59PM,25,Cary 30,	1
empty,M,1:00PM - 1:59PM,35,Cooke 114,	1
empty,M,2:00PM - 2:59PM,12,Bioed 240,	1
empty,M,2:00PM - 2:59PM,30,Capen 260,	1
empty,M,2:00PM - 2:59PM,31,Bell 138,	1
empty,M,2:00PM - 2:59PM,84,Alfier 102,	1
empty,M,3:00PM - 3:59PM,18,Alumni 190,	1
empty,M,3:00PM - 3:59PM,37,Alumni 90,	1
empty,M,3:00PM - 3:59PM,40,Jacobs 214,	1
empty,M,3:00PM - 3:59PM,84,Alfier 102,	1
empty,M,4:00PM - 4:59PM,12,Bioed 230,	1
empty,M,4:00PM - 4:59PM,28,Hoch 218,	1
empty,M,4:00PM - 4:59PM,48,Hoch 237,	1
empty,M,5:00PM - 5:59PM,101,Dfn 203,	1
empty,M,5:00PM - 5:59PM,110,Crosby 301,	1
empty,M,5:00PM - 5:59PM,22,Hoch 430,	1
empty,M,6:00PM - 6:59PM,21,Baldy 118,	1
empty,M,6:00PM - 6:59PM,57,Wende 111,	1
empty,M,7:00PM - 7:59PM,48,Hoch 237,	1
empty,M,8:00AM - 8:59AM,101,Dfn 203,	1
empty,M,8:00AM - 8:59AM,48,Dfn 103,	1
empty,M,8:00AM - 8:59AM,80,Alfier 104,	1
empty,M,9:00AM - 9:59AM,1,Farber 168,	1
empty,M,9:00AM - 9:59AM,12,Bioed 240,	1
empty,M,9:00AM - 9:59AM,28,Hoch 218,	1
empty,R,10:00AM - 10:59AM,173,Kapoor 125,	1
empty,R,11:00AM - 11:59AM,30,Clemen 436,	1
empty,R,11:00AM - 11:59AM,32,Filmor 352,	1
empty,R,11:00AM - 11:59AM,32,Talbrt 111,	1
empty,R,11:00AM - 11:59AM,43,Norton 213,	1
empty,R,11:00AM - 11:59AM,48,Parker 104,	1
empty,R,11:00AM - 11:59AM,55,Jacobs 106,	1
empty,R,12:00PM - 12:59PM,150,Nsc 215,	1
empty,R,12:00PM - 12:59PM,29,Filmor 317,	1
empty,R,12:00PM - 12:59PM,47,Capen 201A,	1
empty,R,12:00PM - 12:59PM,8,Cfa B13,	1
empty,R,1:00PM - 1:59PM,16,HayesB 01T,	1
empty,R,1:00PM - 1:59PM,24,Bioed 266,	1
empty,R,1:00PM - 1:59PM,25,Hoch 223,	1
empty,R,1:00PM - 1:59PM,250,Farber 144,	1
empty,R,1:00PM - 1:59PM,27,Clemen 708,	1
empty,R,1:00PM - 1:59PM,40,Farber 134B,	1
empty,R,1:00PM - 1:59PM,75,Squire B28,	1
empty,R,2:00PM - 2:59PM,26,Baird 227,	1
empty,R,2:00PM - 2:59PM,75,Squire B28,	1
empty,R,3:00PM - 3:59PM,20,Baldy 115,	1
empty,R,3:00PM - 3:59PM,40,Cooke 127A,	1
empty,R,3:00PM - 3:59PM,42,Norton 209,	1
empty,R,4:00PM - 4:59PM,10,Parker 117,	1
empty,R,4:00PM - 4:59PM,12,Bioed 230,	1
empty,R,4:00PM - 4:59PM,40,Cfa B84,	1
empty,R,4:00PM - 4:59PM,56,Math 250,	1
empty,R,5:00PM - 5:59PM,13,Cfa B76,	1
empty,R,6:00PM - 6:59PM,21,Baldy 118,	1
empty,R,7:00PM - 7:59PM,138,Wende 114,	1
empty,R,8:00AM - 8:59AM,225,Dfn 146,	1
empty,R,8:00AM - 8:59AM,46,Obrian 209,	1
empty,R,9:00AM - 9:59AM,18,Shrmn 223,	1
empty,R,9:00AM - 9:59AM,32,Filmor 352,	1
empty,R,9:00AM - 9:59AM,80,Alfier 104,	1
empty,R,Before 8:00AM,1,Alumni 153,	1
empty,R,Before 8:00AM,1,Alumni 187,	1
empty,R,Before 8:00AM,1,Alumni 189,	1
empty,R,Before 8:00AM,1,Alumni 191,	1
empty,R,Before 8:00AM,1,Alumni 198,	1
empty,R,Before 8:00AM,1,Alumni 274,	1
empty,R,Before 8:00AM,1,Alumni 275,	1
empty,R,Before 8:00AM,1,Alumni 276,	1
empty,R,Before 8:00AM,1,Alumni 277,	1
empty,R,Before 8:00AM,1,Alumni 282,	1
empty,R,Before 8:00AM,1,Baird 206,	1
empty,R,Before 8:00AM,1,Baird 214,	1
empty,R,Before 8:00AM,1,Baird 228,	1
empty,R,Before 8:00AM,1,Baird 234,	1
empty,R,Before 8:00AM,1,Baird 306,	1
empty,R,Before 8:00AM,1,Baird 310,	1
empty,R,Before 8:00AM,1,Baird 316,	1
empty,R,Before 8:00AM,1,Baird 422,	1
empty,R,Before 8:00AM,1,Baird 430,	1
empty,R,Before 8:00AM,1,Baird 432,	1
empty,R,Before 8:00AM,1,Baird 436,	1
empty,R,Before 8:00AM,1,Baird 446,	1
empty,R,Before 8:00AM,1,Baldy 215,	1
empty,R,Before 8:00AM,1,Baldy 217,	1
empty,R,Before 8:00AM,1,Baldy 414,	1
empty,R,Before 8:00AM,1,Baldy 421,	1
empty,R,Before 8:00AM,1,Baldy 423,	1
empty,R,Before 8:00AM,1,Baldy 424,	1
empty,R,Before 8:00AM,1,Baldy 431,	1
empty,R,Before 8:00AM,1,Baldy 434,	1
empty,R,Before 8:00AM,1,Baldy 466,	1
empty,R,Before 8:00AM,1,Baldy 470,	1
empty,R,Before 8:00AM,1,Baldy 471,	1
empty,R,Before 8:00AM,1,Baldy 473,	1
empty,R,Before 8:00AM,1,Baldy 475,	1
empty,R,Before 8:00AM,1,Baldy 477,	1
empty,R,Before 8:00AM,1,Baldy 478,	1
empty,R,Before 8:00AM,1,Baldy 485,	1
empty,R,Before 8:00AM,1,Baldy 522,	1
empty,R,Before 8:00AM,1,Baldy 536,	1
empty,R,Before 8:00AM,1,Baldy 538,	1
empty,R,Before 8:00AM,1,Baldy 540,	1
empty,R,Before 8:00AM,1,Baldy 544,	1
empty,R,Before 8:00AM,1,Baldy 545,	1
empty,R,Before 8:00AM,1,Baldy 546,	1
empty,R,Before 8:00AM,1,Baldy 548,	1
empty,R,Before 8:00AM,1,Baldy 549,	1
empty,R,Before 8:00AM,1,Baldy 621,	1
empty,R,Before 8:00AM,1,Baldy 622,	1
empty,R,Before 8:00AM,1,Baldy 624,	1
empty,R,Before 8:00AM,1,Baldy 626,	1
empty,R,Before 8:00AM,1,Baldy 628,	1
empty,R,Before 8:00AM,1,Baldy 630,	1
empty,R,Before 8:00AM,1,Baldy 632,	1
empty,R,Before 8:00AM,1,Baldy 633,	1
empty,R,Before 8:00AM,1,Baldy 657,	1
empty,R,Before 8:00AM,1,Baldy 658,	1
empty,R,Before 8:00AM,1,Baldy 660,	1
empty,R,Before 8:00AM,1,Baldy 662,	1
empty,R,Before 8:00AM,1,Baldy 664,	1
empty,R,Before 8:00AM,1,Baldy 665,	1
empty,R,Before 8:00AM,1,Baldy 666,	1
empty,R,Before 8:00AM,1,Baldy 667,	1
empty,R,Before 8:00AM,1,Baldy 668,	1
empty,R,Before 8:00AM,1,Baldy 670,	1
empty,R,Before 8:00AM,1,Baldy 671,	1
empty,R,Before 8:00AM,1,Baldy 683,	1
empty,R,Before 8:00AM,1,Bell 342,	1
empty,R,Before 8:00AM,1,Biores 109,	1
empty,R,Before 8:00AM,1,Biores 111,	1
empty,R,Before 8:00AM,1,Biores 117,	1
empty,R,Before 8:00AM,1,Biores 143,	1
empty,R,Before 8:00AM,1,Biores 146,	1
empty,R,Before 8:00AM,1,Biores 147,	1
empty,R,Before 8:00AM,1,Biores 213,	1
empty,R,Before 8:00AM,1,Biores 217,	1
empty,R,Before 8:00AM,1,Biores 249,	1
empty,R,Before 8:00AM,1,Biores 253,	1
empty,R,Before 8:00AM,1,Biores 613,	1
empty,R,Before 8:00AM,1,Cary 28,	1
empty,R,Before 8:00AM,1,Cary 44,	1
empty,R,Before 8:00AM,1,Cfa 225A,	1
empty,R,Before 8:00AM,1,Cfa 226,	1
empty,R,Before 8:00AM,1,Cfa 227,	1
empty,R,Before 8:00AM,1,Cfa 227A,	1
empty,R,Before 8:00AM,1,Cfa 228A,	1
empty,R,Before 8:00AM,1,Cfa 229,	1
empty,R,Before 8:00AM,1,Cfa 230A,	1
empty,R,Before 8:00AM,1,Cfa B34,	1
empty,R,Before 8:00AM,1,Cfa B85,	1
empty,R,Before 8:00AM,1,Clemen 1015,	1
empty,R,Before 8:00AM,1,Clemen 1023,	1
empty,R,Before 8:00AM,1,Clemen 301,	1
empty,R,Before 8:00AM,1,Clemen 311,	1
empty,R,Before 8:00AM,1,Clemen 319,	1
empty,R,Before 8:00AM,1,Clemen 323,	1
empty,R,Before 8:00AM,1,Clemen 401,	1
empty,R,Before 8:00AM,1,Clemen 403,	1
empty,R,Before 8:00AM,1,Clemen 405,	1
empty,R,Before 8:00AM,1,Clemen 407,	1
empty,R,Before 8:00AM,1,Clemen 411,	1
empty,R,Before 8:00AM,1,Clemen 413,	1
empty,R,Before 8:00AM,1,Clemen 415,	1
empty,R,Before 8:00AM,1,Clemen 427,	1
empty,R,Before 8:00AM,1,Clemen 429,	1
empty,R,Before 8:00AM,1,Clemen 431,	1
empty,R,Before 8:00AM,1,Clemen 435,	1
empty,R,Before 8:00AM,1,Clemen 437,	1
empty,R,Before 8:00AM,1,Clemen 439,	1
empty,R,Before 8:00AM,1,Clemen 501,	1
empty,R,Before 8:00AM,1,Clemen 503,	1
empty,R,Before 8:00AM,1,Clemen 505,	1
empty,R,Before 8:00AM,1,Clemen 507,	1
empty,R,Before 8:00AM,1,Clemen 509,	1
empty,R,Before 8:00AM,1,Clemen 511,	1
empty,R,Before 8:00AM,1,Clemen 513,	1
empty,R,Before 8:00AM,1,Clemen 531,	1
empty,R,Before 8:00AM,1,Clemen 533,	1
empty,R,Before 8:00AM,1,Clemen 535,	1
empty,R,Before 8:00AM,1,Clemen 537,	1
empty,R,Before 8:00AM,1,Clemen 539,	1
empty,R,Before 8:00AM,1,Clemen 541,	1
empty,R,Before 8:00AM,1,Clemen 545,	1
empty,R,Before 8:00AM,1,Clemen 612,	1
empty,R,Before 8:00AM,1,Clemen 615,	1
empty,R,Before 8:00AM,1,Clemen 631,	1
empty,R,Before 8:00AM,1,Clemen 633,	1
empty,R,Before 8:00AM,1,Clemen 637,	1
empty,R,Before 8:00AM,1,Clemen 638,	1
empty,R,Before 8:00AM,1,Clemen 639,	1
empty,R,Before 8:00AM,1,Clemen 641,	1
empty,R,Before 8:00AM,1,Clemen 645,	1
empty,R,Before 8:00AM,1,Clemen 732,	1
empty,R,Before 8:00AM,1,Cooke 329,	1
empty,R,Before 8:00AM,1,Cooke 336,	1
empty,R,Before 8:00AM,1,Cooke 355,	1
empty,R,Before 8:00AM,1,Cooke 370,	1
empty,R,Before 8:00AM,1,Cooke 513,	1
empty,R,Before 8:00AM,1,Cooke 607,	1
empty,R,Before 8:00AM,1,Cooke 619,	1
empty,R,Before 8:00AM,1,Cooke 637,	1
empty,R,Before 8:00AM,1,Cooke 641,	1
empty,R,Before 8:00AM,1,Cooke 657,	1
empty,R,Before 8:00AM,1,Crosby 328,	1
empty,R,Before 8:00AM,1,Dorshe 107A,	1
empty,R,Before 8:00AM,1,Filmor 260,	1
empty,R,Before 8:00AM,1,Filmor 363,	1
empty,R,Before 8:00AM,1,Filmor 366,	1
empty,R,Before 8:00AM,1,Filmor 370,	1
empty,R,Before 8:00AM,1,Frnczk 126,	1
empty,R,Before 8:00AM,1,Frnczk 128,	1
empty,R,Before 8:00AM,1,Frnczk 130,	1
empty,R,Before 8:00AM,1,Frnczk 132,	1
empty,R,Before 8:00AM,1,Frnczk 136,	1
empty,R,Before 8:00AM,1,Frnczk 201A,	1
empty,R,Before 8:00AM,1,Frnczk 205,	1
empty,R,Before 8:00AM,1,Frnczk 225,	1
empty,R,Before 8:00AM,1,Frnczk 247,	1
empty,R,Before 8:00AM,1,Frnczk 257,	1
empty,R,Before 8:00AM,1,Frnczk 259,	1
empty,R,Before 8:00AM,1,Frnczk 303,	1
empty,R,Before 8:00AM,1,Frnczk 307,	1
empty,R,Before 8:00AM,1,Frnczk 307A,	1
empty,R,Before 8:00AM,1,Frnczk 323,	1
empty,R,Before 8:00AM,1,Frnczk 325,	1
empty,R,Before 8:00AM,1,Frnczk 327,	1
empty,R,Before 8:00AM,1,Frnczk 327A,	1
empty,R,Before 8:00AM,1,Frnczk 339,	1
empty,R,Before 8:00AM,1,Frnczk 339A,	1
empty,R,Before 8:00AM,1,Frnczk 405,	1
empty,R,Before 8:00AM,1,Frnczk 420,	1
empty,R,Before 8:00AM,1,Frnczk 421,	1
empty,R,Before 8:00AM,1,Frnczk 425,	1
empty,R,Before 8:00AM,1,Frnczk 426,	1
empty,R,Before 8:00AM,1,Frnczk 427,	1
empty,R,Before 8:00AM,1,Frnczk 431,	1
empty,R,Before 8:00AM,1,Frnczk 433,	1
empty,R,Before 8:00AM,1,Frnczk 437,	1
empty,R,Before 8:00AM,1,Frnczk 439,	1
empty,R,Before 8:00AM,1,Frnczk 443,	1
empty,R,Before 8:00AM,1,Frnczk 445,	1
empty,R,Before 8:00AM,1,Frnczk 447,	1
empty,R,Before 8:00AM,1,Frnczk 449,	1
empty,R,Before 8:00AM,1,Frnczk 451,	1
empty,R,Before 8:00AM,1,Frnczk 453,	1
empty,R,Before 8:00AM,1,Furnas 1006,	1
empty,R,Before 8:00AM,1,Furnas 1007,	1
empty,R,Before 8:00AM,1,Furnas 1008,	1
empty,R,Before 8:00AM,1,Furnas 1009,	1
empty,R,Before 8:00AM,1,Furnas 1010,	1
empty,R,Before 8:00AM,1,Furnas 1011,	1
empty,R,Before 8:00AM,1,Furnas 1013,	1
empty,R,Before 8:00AM,1,Furnas 309,	1
empty,R,Before 8:00AM,1,Furnas 505,	1
empty,R,Before 8:00AM,1,Furnas 506,	1
empty,R,Before 8:00AM,1,Furnas 507,	1
empty,R,Before 8:00AM,1,Furnas 508,	1
empty,R,Before 8:00AM,1,Furnas 509,	1
empty,R,Before 8:00AM,1,Furnas 510,	1
empty,R,Before 8:00AM,1,Furnas 605,	1
empty,R,Before 8:00AM,1,Furnas 606,	1
empty,R,Before 8:00AM,1,Furnas 608,	1
empty,R,Before 8:00AM,1,Furnas 609,	1
empty,R,Before 8:00AM,1,Furnas 611,	1
empty,R,Before 8:00AM,1,Furnas 612,	1
empty,R,Before 8:00AM,1,Furnas 904,	1
empty,R,Before 8:00AM,1,Furnas 905,	1
empty,R,Before 8:00AM,1,Furnas 906,	1
empty,R,Before 8:00AM,1,Furnas 908,	1
empty,R,Before 8:00AM,1,Hoch 117,	1
empty,R,Before 8:00AM,1,Hoch 125A,	1
empty,R,Before 8:00AM,1,Hoch 208,	1
empty,R,Before 8:00AM,1,Hoch 243,	1
empty,R,Before 8:00AM,1,Hoch 443,	1
empty,R,Before 8:00AM,1,Hoch 447,	1
empty,R,Before 8:00AM,1,Hoch 609,	1
empty,R,Before 8:00AM,1,Hoch 610,	1
empty,R,Before 8:00AM,1,Hoch 621,	1
empty,R,Before 8:00AM,1,Hoch 623,	1
empty,R,Before 8:00AM,1,Hoch 637,	1
empty,R,Before 8:00AM,1,Hoch 643,	1
empty,R,Before 8:00AM,1,Hoch 645,	1
empty,R,Before 8:00AM,1,Hoch 653,	1
empty,R,Before 8:00AM,1,Hoch 661,	1
empty,R,Before 8:00AM,1,Jacobs 238,	1
empty,R,Before 8:00AM,1,Jacobs 273,	1
empty,R,Before 8:00AM,1,Jacobs 336,	1
empty,R,Before 8:00AM,1,Jacobs 342,	1
empty,R,Before 8:00AM,1,Jacobs 366,	1
empty,R,Before 8:00AM,1,Jarvis 316,	1
empty,R,Before 8:00AM,1,Jarvis 318,	1
empty,R,Before 8:00AM,1,Jarvis 324,	1
empty,R,Before 8:00AM,1,Jarvis 326,	1
empty,R,Before 8:00AM,1,Jarvis 327,	1
empty,R,Before 8:00AM,1,Jarvis 330,	1
empty,R,Before 8:00AM,1,Jarvis 332,	1
empty,R,Before 8:00AM,1,Jarvis 335,	1
empty,R,Before 8:00AM,1,Jarvis 336,	1
empty,R,Before 8:00AM,1,Jarvis 339,	1
empty,R,Before 8:00AM,1,Jarvis 340,	1
empty,R,Before 8:00AM,1,Kimbal 207,	1
empty,R,Before 8:00AM,1,Kimbal 401,	1
empty,R,Before 8:00AM,1,Kimbal 522,	1
empty,R,Before 8:00AM,1,Kimbal 620,	1
empty,R,Before 8:00AM,1,Nsc 312,	1
empty,R,Before 8:00AM,1,Nsc 410,	1
empty,R,Before 8:00AM,1,Nsc 411,	1
empty,R,Before 8:00AM,1,Nsc 417,	1
empty,R,Before 8:00AM,1,Nsc 428,	1
empty,R,Before 8:00AM,1,Nsc 460,	1
empty,R,Before 8:00AM,1,Nsc 470,	1
empty,R,Before 8:00AM,1,Nsc 511,	1
empty,R,Before 8:00AM,1,Nsc 526,	1
empty,R,Before 8:00AM,1,Nsc 531,	1
empty,R,Before 8:00AM,1,Nsc 532,	1
empty,R,Before 8:00AM,1,Nsc 556,	1
empty,R,Before 8:00AM,1,Nsc 562,	1
empty,R,Before 8:00AM,1,Nsc 572,	1
empty,R,Before 8:00AM,1,Nsc 578,	1
empty,R,Before 8:00AM,1,Nsc 611,	1
empty,R,Before 8:00AM,1,Nsc 618,	1
empty,R,Before 8:00AM,1,Nsc 627,	1
empty,R,Before 8:00AM,1,Nsc 633,	1
empty,R,Before 8:00AM,1,Nsc 657,	1
empty,R,Before 8:00AM,1,Nsc 672,	1
empty,R,Before 8:00AM,1,Nsc 679,	1
empty,R,Before 8:00AM,1,Nsc 756,	1
empty,R,Before 8:00AM,1,Nsc 771,	1
empty,R,Before 8:00AM,1,Nsc 811,	1
empty,R,Before 8:00AM,1,Nsc 816,	1
empty,R,Before 8:00AM,1,Nsc 826,	1
empty,R,Before 8:00AM,1,Nsc 871,	1
empty,R,Before 8:00AM,1,Park 105,	1
empty,R,Before 8:00AM,1,Park 106,	1
empty,R,Before 8:00AM,1,Park 107,	1
empty,R,Before 8:00AM,1,Park 109,	1
empty,R,Before 8:00AM,1,Park 110,	1
empty,R,Before 8:00AM,1,Park 111,	1
empty,R,Before 8:00AM,1,Park 113,	1
empty,R,Before 8:00AM,1,Park 115,	1
empty,R,Before 8:00AM,1,Park 118,	1
empty,R,Before 8:00AM,1,Park 119,	1
empty,R,Before 8:00AM,1,Park 122,	1
empty,R,Before 8:00AM,1,Park 123,	1
empty,R,Before 8:00AM,1,Park 125,	1
empty,R,Before 8:00AM,1,Park 126,	1
empty,R,Before 8:00AM,1,Park 127,	1
empty,R,Before 8:00AM,1,Park 131,	1
empty,R,Before 8:00AM,1,Park 136C,	1
empty,R,Before 8:00AM,1,Park 525,	1
empty,R,Before 8:00AM,1,Park 533,	1
empty,R,Before 8:00AM,1,Park 534,	1
empty,R,Before 8:00AM,1,Park 539,	1
empty,R,Before 8:00AM,1,Park 540,	1
empty,R,Before 8:00AM,1,Park 546,	1
empty,R,Before 8:00AM,1,Park 552,	1
empty,R,Before 8:00AM,1,Park 553,	1
empty,R,Before 8:00AM,1,Park 554,	1
empty,R,Before 8:00AM,1,Park 555,	1
empty,R,Before 8:00AM,1,Park 557,	1
empty,R,Before 8:00AM,1,Park 558,	1
empty,R,Before 8:00AM,1,Park 560,	1
empty,R,Before 8:00AM,1,Park 561,	1
empty,R,Before 8:00AM,1,Park 563,	1
empty,R,Before 8:00AM,1,Park 564,	1
empty,R,Before 8:00AM,1,Park 565,	1
empty,R,Before 8:00AM,1,Park 567,	1
empty,R,Before 8:00AM,1,Park 568,	1
empty,R,Before 8:00AM,1,Park 569,	1
empty,R,Before 8:00AM,1,Park 570,	1
empty,R,Before 8:00AM,1,Park 574,	1
empty,R,Before 8:00AM,1,Park 577,	1
empty,R,Before 8:00AM,1,Park 582,	1
empty,R,Before 8:00AM,1,Park 583,	1
empty,R,Before 8:00AM,1,Park 584,	1
empty,R,Before 8:00AM,1,Rchmnd 467,	1
empty,R,Before 8:00AM,1,Shrmn 08,	1
empty,R,Before 8:00AM,1,Shrmn 315,	1
empty,R,Before 8:00AM,1,Spldng 171,	1
empty,R,Before 8:00AM,1,Spldng 177,	1
empty,R,Before 8:00AM,1,Squire 308,	1
empty,R,Before 8:00AM,1,Wende 101C,	1
empty,R,Before 8:00AM,1,Wende 105,	1
empty,R,Before 8:00AM,1,Wende 303,	1
empty,R,Before 8:00AM,1,Wende 310,	1
empty,R,Before 8:00AM,1,Wende 326,	1
empty,R,Before 8:00AM,1,Wilksn 110,	1
empty,R,Before 8:00AM,1,Wilksn 111,	1
empty,R,Before 8:00AM,1,Wilksn 112,	1
empty,R,Before 8:00AM,1,Wilksn 113,	1
empty,R,Before 8:00AM,1,Wilksn 114,	1
empty,R,Before 8:00AM,1,Wilksn 115,	1
empty,R,Before 8:00AM,1,Wilksn 118,	1
empty,R,Before 8:00AM,1,Wilksn 119,	1
empty,R,Before 8:00AM,1,Wilksn 120,	1
empty,R,Before 8:00AM,1,Wilksn 123,	1
empty,R,Before 8:00AM,1,Wilksn 124,	1
empty,R,Before 8:00AM,10,Baldy 415,	1
empty,R,Before 8:00AM,10,Dfn_A 09,	1
empty,R,Before 8:00AM,10,Foster 215,	1
empty,R,Before 8:00AM,10,Furnas 1014,	1
empty,R,Before 8:00AM,10,Furnas 910,	1
empty,R,Before 8:00AM,10,Jacobs 222,	1
empty,R,Before 8:00AM,10,Jacobs 282,	1
empty,R,Before 8:00AM,10,Jacobs 325B,	1
empty,R,Before 8:00AM,10,Jarvis 205,	1
empty,R,Before 8:00AM,10,Nsc 345,	1
empty,R,Before 8:00AM,10,Nsc 364,	1
empty,R,Before 8:00AM,10,Nsc 638,	1
empty,R,Before 8:00AM,10,Nsc 652,	1
empty,R,Before 8:00AM,10,Parker 117,	1
empty,R,Before 8:00AM,12,Baird 418,	1
empty,R,Before 8:00AM,12,Cary 321,	1
empty,R,Before 8:00AM,12,Cfa 238,	1
empty,R,Before 8:00AM,12,Furnas 503,	1
empty,R,Before 8:00AM,12,Jacobs 379,	1
empty,R,Before 8:00AM,12,Jarvis 321,	1
empty,R,Before 8:00AM,12,Parker 02,	1
empty,R,Before 8:00AM,12,Wilksn 106,	1
empty,R,Before 8:00AM,13,Cfa B76,	1
empty,R,Before 8:00AM,14,Baldy 425,	1
empty,R,Before 8:00AM,14,Furnas 603,	1
empty,R,Before 8:00AM,14,Wilksn 108,	1
empty,R,Before 8:00AM,15,Baldy 336,	1
empty,R,Before 8:00AM,15,Cary 106,	1
empty,R,Before 8:00AM,16,Clemen 606,	1
empty,R,Before 8:00AM,18,Alumni 190,	1
empty,R,Before 8:00AM,18,Baird 327,	1
empty,R,Before 8:00AM,18,Cfa 213,	1
empty,R,Before 8:00AM,18,Filmor 343,	1
empty,R,Before 8:00AM,19,Baldy 553,	1
empty,R,Before 8:00AM,2,Baird 413,	1
empty,R,Before 8:00AM,2,Baird 444,	1
empty,R,Before 8:00AM,2,Baldy 484,	1
empty,R,Before 8:00AM,2,Baldy 663,	1
empty,R,Before 8:00AM,2,Bioed 84,	1
empty,R,Before 8:00AM,2,Biores 540,	1
empty,R,Before 8:00AM,2,Biores 606,	1
empty,R,Before 8:00AM,2,Cary 01,	1
empty,R,Before 8:00AM,2,Cary 14,	1
empty,R,Before 8:00AM,2,Cary 324,	1
empty,R,Before 8:00AM,2,Clemen 910,	1
empty,R,Before 8:00AM,2,Farber 138,	1
empty,R,Before 8:00AM,2,Filmor 372,	1
empty,R,Before 8:00AM,2,Filmor 375,	1
empty,R,Before 8:00AM,2,Foster 304,	1
empty,R,Before 8:00AM,2,Frnczk 203,	1
empty,R,Before 8:00AM,2,Furnas 319,	1
empty,R,Before 8:00AM,2,Furnas 514,	1
empty,R,Before 8:00AM,2,Hoch 625,	1
empty,R,Before 8:00AM,2,Jacobs 143,	1
empty,R,Before 8:00AM,2,Nsc 475,	1
empty,R,Before 8:00AM,2,Nsc 553,	1
empty,R,Before 8:00AM,2,Nsc 585,	1
empty,R,Before 8:00AM,2,Nsc 608,	1
empty,R,Before 8:00AM,2,Nsc 838,	1
empty,R,Before 8:00AM,2,Nsc 872,	1
empty,R,Before 8:00AM,2,Park 465,	1
empty,R,Before 8:00AM,2,Park 559,	1
empty,R,Before 8:00AM,2,Shrmn 204,	1
empty,R,Before 8:00AM,2,Spldng 166,	1
empty,R,Before 8:00AM,2,Spldng 175,	1
empty,R,Before 8:00AM,2,Spldng 278,	1
empty,R,Before 8:00AM,2,Wilksn 105,	1
empty,R,Before 8:00AM,2,Wilksn 151,	1
empty,R,Before 8:00AM,20,Frnczk 424,	1
empty,R,Before 8:00AM,20,Kimbal 210,	1
empty,R,Before 8:00AM,21,Cfa 244,	1
empty,R,Before 8:00AM,21,Cfa 246,	1
empty,R,Before 8:00AM,21,Cfa 278,	1
empty,R,Before 8:00AM,22,Davis 113A,	1
empty,R,Before 8:00AM,24,Baldy 555,	1
empty,R,Before 8:00AM,24,Bioed 333,	1
empty,R,Before 8:00AM,24,Frnczk 414,	1
empty,R,Before 8:00AM,24,Spldng 158,	1
empty,R,Before 8:00AM,25,Alumni 188,	1
empty,R,Before 8:00AM,25,Farber 136,	1
empty,R,Before 8:00AM,25,Park 142,	1
empty,R,Before 8:00AM,250,Farber 144,	1
empty,R,Before 8:00AM,260,Filmor 102,	1
empty,R,Before 8:00AM,27,Cooke 239,	1
empty,R,Before 8:00AM,28,Clemen 640,	1
empty,R,Before 8:00AM,285,Farber 150,	1
empty,R,Before 8:00AM,3,Alumni 195C,	1
empty,R,Before 8:00AM,3,Baird 314,	1
empty,R,Before 8:00AM,3,Baird 402,	1
empty,R,Before 8:00AM,3,Baird 406,	1
empty,R,Before 8:00AM,3,Baird B18,	1
empty,R,Before 8:00AM,3,Baldy 505,	1
empty,R,Before 8:00AM,3,Baldy 526,	1
empty,R,Before 8:00AM,3,Baldy 680,	1
empty,R,Before 8:00AM,3,Bell 432,	1
empty,R,Before 8:00AM,3,Bell 438,	1
empty,R,Before 8:00AM,3,Cary 26,	1
empty,R,Before 8:00AM,3,Cary 318,	1
empty,R,Before 8:00AM,3,Cary 320,	1
empty,R,Before 8:00AM,3,Cary 33,	1
empty,R,Before 8:00AM,3,Cfa 140,	1
empty,R,Before 8:00AM,3,Cfa 231,	1
empty,R,Before 8:00AM,3,Clemen 320,	1
empty,R,Before 8:00AM,3,Clemen 712,	1
empty,R,Before 8:00AM,3,Cooke 341,	1
empty,R,Before 8:00AM,3,Cooke 653,	1
empty,R,Before 8:00AM,3,Filmor 365,	1
empty,R,Before 8:00AM,3,Filmor 377,	1
empty,R,Before 8:00AM,3,Foster 109,	1
empty,R,Before 8:00AM,3,Frnczk 415,	1
empty,R,Before 8:00AM,3,Furnas 515,	1
empty,R,Before 8:00AM,3,Kimbal 715,	1
empty,R,Before 8:00AM,3,Nsc 436,	1
empty,R,Before 8:00AM,3,Nsc 538,	1
empty,R,Before 8:00AM,3,Nsc 561,	1
empty,R,Before 8:00AM,3,Rchmnd 466,	1
empty,R,Before 8:00AM,3,Spldng 134,	1
empty,R,Before 8:00AM,3,Spldng 161,	1
empty,R,Before 8:00AM,3,Spldng 378,	1
empty,R,Before 8:00AM,3,Squire 325,	1
empty,R,Before 8:00AM,3,Squire 355,	1
empty,R,Before 8:00AM,30,Bioed 250,	1
empty,R,Before 8:00AM,30,Park 532,	1
empty,R,Before 8:00AM,30,Parker 13,	1
empty,R,Before 8:00AM,32,Nsc 684,	1
empty,R,Before 8:00AM,35,Clemen 1004,	1
empty,R,Before 8:00AM,36,Filmor 261,	1
empty,R,Before 8:00AM,36,Frnczk 444,	1
empty,R,Before 8:00AM,360,Cfa 170,	1
empty,R,Before 8:00AM,4,Baldy 367,	1
empty,R,Before 8:00AM,4,Baldy 375,	1
empty,R,Before 8:00AM,4,Biores 644,	1
empty,R,Before 8:00AM,4,Cary 108,	1
empty,R,Before 8:00AM,4,Cary 18,	1
empty,R,Before 8:00AM,4,Cary 38,	1
empty,R,Before 8:00AM,4,Cary 38B,	1
empty,R,Before 8:00AM,4,Cfa 129,	1
empty,R,Before 8:00AM,4,Cfa 135,	1
empty,R,Before 8:00AM,4,Cfa 261,	1
empty,R,Before 8:00AM,4,Clemen 438,	1
empty,R,Before 8:00AM,4,Clemen 540,	1
empty,R,Before 8:00AM,4,Clemen 610,	1
empty,R,Before 8:00AM,4,Jarvis 204,	1
empty,R,Before 8:00AM,4,Nsc 405,	1
empty,R,Before 8:00AM,4,Nsc 415,	1
empty,R,Before 8:00AM,4,Nsc 432,	1
empty,R,Before 8:00AM,4,Nsc 465,	1
empty,R,Before 8:00AM,4,Nsc 535,	1
empty,R,Before 8:00AM,4,Nsc 540,	1
empty,R,Before 8:00AM,4,Nsc 552,	1
empty,R,Before 8:00AM,4,Nsc 570,	1
empty,R,Before 8:00AM,4,Nsc 582,	1
empty,R,Before 8:00AM,4,Nsc 620,	1
empty,R,Before 8:00AM,4,Nsc 640,	1
empty,R,Before 8:00AM,4,Nsc 650,	1
empty,R,Before 8:00AM,4,Nsc 682,	1
empty,R,Before 8:00AM,4,Nsc 735,	1
empty,R,Before 8:00AM,4,Nsc 820,	1
empty,R,Before 8:00AM,4,Nsc 835,	1
empty,R,Before 8:00AM,4,Nsc 840,	1
empty,R,Before 8:00AM,4,Shrmn 17,	1
empty,R,Before 8:00AM,40,Cfa B82,	1
empty,R,Before 8:00AM,40,Cfa B84,	1
empty,R,Before 8:00AM,40,Nsc 306,	1
empty,R,Before 8:00AM,48,Kimbal 115,	1
empty,R,Before 8:00AM,49,Kapoor 443,	1
empty,R,Before 8:00AM,5,Biores 106,	1
empty,R,Before 8:00AM,5,Biores 122,	1
empty,R,Before 8:00AM,5,Biores 506,	1
empty,R,Before 8:00AM,5,Cfa 228,	1
empty,R,Before 8:00AM,5,Parker 110,	1
empty,R,Before 8:00AM,5,Shrmn 304,	1
empty,R,Before 8:00AM,50,Cfa B83,	1
empty,R,Before 8:00AM,6,Cary 107,	1
empty,R,Before 8:00AM,6,Clemen 306,	1
empty,R,Before 8:00AM,6,Cooke 353,	1
empty,R,Before 8:00AM,6,Farber 140,	1
empty,R,Before 8:00AM,6,Furnas 511,	1
empty,R,Before 8:00AM,6,Hoch 107,	1
empty,R,Before 8:00AM,6,Park 520,	1
empty,R,Before 8:00AM,670,Slee 202,	1
empty,R,Before 8:00AM,7,Biores 112,	1
empty,R,Before 8:00AM,7,Filmor 380,	1
empty,R,Before 8:00AM,8,Furnas 916,	1
empty,R,Before 8:00AM,8,Shrmn 10,	1
empty,R,Before 8:00AM,84,Alfier 102,	1
empty,R,Before 8:00AM,9,Cfa B25,	1
empty,R,Unknown,1,Furnas 612,	1
empty,R,Unknown,2,Baird 230,	1
empty,S,1:00PM - 1:59PM,24,Cooke 218,	1
empty,S,9:00AM - 9:59AM,24,Cooke 218,	1
empty,S,9:00AM - 9:59AM,50,Cfa B83,	1
empty,S,9:00AM - 9:59AM,50,Dfn 105,	1
empty,T,11:00AM - 11:59AM,30,Clemen 436,	1
empty,T,11:00AM - 11:59AM,32,Filmor 352,	1
empty,T,11:00AM - 11:59AM,43,Norton 213,	1
empty,T,11:00AM - 11:59AM,47,Capen 201A,	1
empty,T,11:00AM - 11:59AM,55,Jacobs 106,	1
empty,T,12:00PM - 12:59PM,150,Nsc 215,	1
empty,T,12:00PM - 12:59PM,29,Filmor 317,	1
empty,T,12:00PM - 12:59PM,8,Cfa B13,	1
empty,T,1:00PM - 1:59PM,16,HayesB 01T,	1
empty,T,1:00PM - 1:59PM,24,Bioed 266,	1
empty,T,1:00PM - 1:59PM,25,Cary 30,	1
empty,T,1:00PM - 1:59PM,250,Farber 144,	1
empty,T,1:00PM - 1:59PM,27,Clemen 708,	1
empty,T,1:00PM - 1:59PM,40,Farber 134B,	1
empty,T,1:00PM - 1:59PM,75,Squire B28,	1
empty,T,2:00PM - 2:59PM,75,Squire B28,	1
empty,T,3:00PM - 3:59PM,20,Baldy 115,	1
empty,T,3:00PM - 3:59PM,40,Cooke 127A,	1
empty,T,4:00PM - 4:59PM,37,Dfn 206,	1
empty,T,4:00PM - 4:59PM,4,Baldy 375,	1
empty,T,4:00PM - 4:59PM,40,Cfa B84,	1
empty,T,5:00PM - 5:59PM,27,Clemen 708,	1
empty,T,7:00PM - 7:59PM,100,Baldy 101,	1
empty,T,7:00PM - 7:59PM,138,Wende 114,	1
empty,T,7:00PM - 7:59PM,45,Park 141,	1
empty,T,7:00PM - 7:59PM,48,Hoch 237,	1
empty,T,8:00AM - 8:59AM,12,Hoch 212,	1
empty,T,8:00AM - 8:59AM,46,Obrian 209,	1
empty,T,9:00AM - 9:59AM,32,Filmor 352,	1
empty,T,9:00AM - 9:59AM,80,Alfier 104,	1
empty,T,Before 8:00AM,25,Park 142,	1
empty,T,Before 8:00AM,27,Cooke 239,	1
empty,W,10:00AM - 10:59AM,35,Talbrt 113,	1
empty,W,10:00AM - 10:59AM,50,Allen 100,	1
empty,W,11:00AM - 11:59AM,120,Kimbal 125,	1
empty,W,11:00AM - 11:59AM,18,Cfa 286,	1
empty,W,12:00PM - 12:59PM,12,Bioed 230,	1
empty,W,12:00PM - 12:59PM,28,Bell 340,	1
empty,W,12:00PM - 12:59PM,32,Dfn 208,	1
empty,W,12:00PM - 12:59PM,45,Clemen 17,	1
empty,W,12:00PM - 12:59PM,58,Cfa 220,	1
empty,W,1:00PM - 1:59PM,225,Dfn 146,	1
empty,W,1:00PM - 1:59PM,25,Cary 30,	1
empty,W,1:00PM - 1:59PM,250,Farber 144,	1
empty,W,1:00PM - 1:59PM,35,Cooke 114,	1
empty,W,1:00PM - 1:59PM,42,Kimbal 108,	1
empty,W,1:00PM - 1:59PM,46,Obrian 210,	1
empty,W,1:00PM - 1:59PM,60,Furnas 206,	1
empty,W,2:00PM - 2:59PM,110,Dfn 02,	1
empty,W,2:00PM - 2:59PM,12,Abbott 165,	1
empty,W,2:00PM - 2:59PM,12,Bioed 240,	1
empty,W,2:00PM - 2:59PM,84,Alfier 102,	1
empty,W,3:00PM - 3:59PM,28,Clemen 640,	1
empty,W,3:00PM - 3:59PM,30,Talbrt 106,	1
empty,W,3:00PM - 3:59PM,40,Jacobs 214,	1
empty,W,3:00PM - 3:59PM,84,Alfier 102,	1
empty,W,4:00PM - 4:59PM,14,Wende B02,	1
empty,W,4:00PM - 4:59PM,32,Dfn 207,	1
empty,W,5:00PM - 5:59PM,110,Crosby 301,	1
empty,W,5:00PM - 5:59PM,12,Abbott 165,	1
empty,W,6:00PM - 6:59PM,12,Hoch 212,	1
empty,W,6:00PM - 6:59PM,21,Baldy 118,	1
empty,W,6:00PM - 6:59PM,40,Kapoor 183B,	1
empty,W,7:00PM - 7:59PM,25,Hoch 223,	1
empty,W,8:00AM - 8:59AM,28,Bell 340,	1
empty,W,8:00AM - 8:59AM,37,Dfn 206,	1
empty,W,8:00AM - 8:59AM,48,Dfn 103,	1
empty,W,8:00AM - 8:59AM,80,Alfier 104,	1
empty,W,9:00AM - 9:59AM,25,Wende 24,	1
empty,W,9:00AM - 9:59AM,30,Capen 260,	1
empty,W,9:00AM - 9:59AM,35,Clemen 1004,	1
empty,W,9:00AM - 9:59AM,48,Dfn 205,	1
empty,W,9:00AM - 9:59AM,50,Dfn 202,	1
empty,W,Before 8:00AM,1,Baldy 658,	1
empty,W,Before 8:00AM,1,Clemen 732,	1
empty,W,Before 8:00AM,1,Cooke 457,	1
empty,W,Before 8:00AM,1,Farber 180,	1
empty,W,Before 8:00AM,1,Farber 271,	1
empty,W,Before 8:00AM,1,Farber 273,	1
empty,W,Before 8:00AM,1,Farber 277,	1
empty,W,Before 8:00AM,1,Farber G56,	1
empty,W,Before 8:00AM,1,Frnczk 247,	1
empty,W,Before 8:00AM,1,Frnczk 257,	1
empty,W,Before 8:00AM,1,Frnczk 259,	1
empty,W,Before 8:00AM,1,Frnczk 261,	1
empty,W,Before 8:00AM,1,Frnczk 303,	1
empty,W,Before 8:00AM,1,Frnczk 325,	1
empty,W,Before 8:00AM,1,Furnas 1012,	1
empty,W,Before 8:00AM,1,Kimbal 30,	1
empty,W,Before 8:00AM,1,Kimbal 520,	1
empty,W,Before 8:00AM,1,Kimbal 522,	1
empty,W,Before 8:00AM,1,Kimbal 532,	1
empty,W,Before 8:00AM,1,Kimbal 613,	1
empty,W,Before 8:00AM,1,Kimbal 625,	1
empty,W,Before 8:00AM,1,Nsc 428,	1
empty,W,Before 8:00AM,1,Park 206,	1
empty,W,Before 8:00AM,1,Park 235,	1
empty,W,Before 8:00AM,1,Park 282,	1
empty,W,Before 8:00AM,1,Park 321,	1
empty,W,Before 8:00AM,1,Park 323,	1
empty,W,Before 8:00AM,1,Park 346,	1
empty,W,Before 8:00AM,1,Park 355,	1
empty,W,Before 8:00AM,1,Park 362,	1
empty,W,Before 8:00AM,1,Park 364,	1
empty,W,Before 8:00AM,1,Park 407,	1
empty,W,Before 8:00AM,1,Park 409,	1
empty,W,Before 8:00AM,1,Park 454,	1
empty,W,Before 8:00AM,1,Park 455,	1
empty,W,Before 8:00AM,1,Park 456,	1
empty,W,Before 8:00AM,1,Park 463,	1
empty,W,Before 8:00AM,1,Park 464,	1
empty,W,Before 8:00AM,1,Park 466,	1
empty,W,Before 8:00AM,1,Park 468,	1
empty,W,Before 8:00AM,1,Park B77,	1
empty,W,Before 8:00AM,1,Squire 112,	1
empty,W,Before 8:00AM,1,Squire 137,	1
empty,W,Before 8:00AM,1,Squire 365,	1
empty,W,Before 8:00AM,10,Foster 310,	1
empty,W,Before 8:00AM,10,Park B75,	1
empty,W,Before 8:00AM,11,Park 433,	1
empty,W,Before 8:00AM,12,Park 223,	1
empty,W,Before 8:00AM,12,Park 241,	1
empty,W,Before 8:00AM,12,Park 317,	1
empty,W,Before 8:00AM,12,Park 470,	1
empty,W,Before 8:00AM,14,Kimbal 510,	1
empty,W,Before 8:00AM,14,Park 366,	1
empty,W,Before 8:00AM,15,Alumni 195,	1
empty,W,Before 8:00AM,2,Biores 610,	1
empty,W,Before 8:00AM,2,Park 368C,	1
empty,W,Before 8:00AM,2,Park 404,	1
empty,W,Before 8:00AM,2,Shrmn 101,	1
empty,W,Before 8:00AM,2,Shrmn 302,	1
empty,W,Before 8:00AM,2,Squire 235,	1
empty,W,Before 8:00AM,2,Squire 240,	1
empty,W,Before 8:00AM,2,Squire 250,	1
empty,W,Before 8:00AM,24,Farber 124,	1
empty,W,Before 8:00AM,27,Cooke 239,	1
empty,W,Before 8:00AM,3,Biores 420,	1
empty,W,Before 8:00AM,3,Biores 522,	1
empty,W,Before 8:00AM,3,Biores 528,	1
empty,W,Before 8:00AM,3,Cary 06,	1
empty,W,Before 8:00AM,3,Farber 102,	1
empty,W,Before 8:00AM,3,Farber 270F,	1
empty,W,Before 8:00AM,3,Farber 273A,	1
empty,W,Before 8:00AM,3,Foster 109,	1
empty,W,Before 8:00AM,3,Foster 115,	1
empty,W,Before 8:00AM,3,Frnczk 415,	1
empty,W,Before 8:00AM,3,Park 430,	1
empty,W,Before 8:00AM,3,Squire 222,	1
empty,W,Before 8:00AM,3,Squire 325,	1
empty,W,Before 8:00AM,4,Farber 272,	1
empty,W,Before 8:00AM,4,Park 368,	1
empty,W,Before 8:00AM,4,Squire 215,	1
empty,W,Before 8:00AM,5,Biores 108,	1
empty,W,Before 8:00AM,6,Cary 206,	1
empty,W,Before 8:00AM,6,Park 316,	1
empty,W,Before 8:00AM,6,Park 520,	1
empty,W,Before 8:00AM,78,Farber 182,	1
empty,W,Before 8:00AM,8,Park 204,	1
empty,W,Before 8:00AM,8,Shrmn 105,	1
empty,W,Before 8:00AM,8,Squire 140,	1
empty,W,Unknown,1,Frnczk 126,	1
empty,W,Unknown,1,Frnczk 130,	1
empty,W,Unknown,1,Frnczk 209,	1
empty,W,Unknown,1,Frnczk 225,	1
empty,W,Unknown,1,Frnczk 255,	1
empty,W,Unknown,1,Frnczk 257,	1
empty,W,Unknown,1,Frnczk 259,	1
empty,W,Unknown,1,Frnczk 307,	1
empty,W,Unknown,1,Frnczk 307A,	1
empty,W,Unknown,2,Frnczk 223,	1
empty,W,Unknown,24,Frnczk 324,	1
overload,F,10:00AM - 10:59AM,-11,Frnczk 341,	1
overload,F,10:00AM - 10:59AM,-20,Dfn_A 09,	1
overload,F,10:00AM - 10:59AM,-22,Dfn_A 30,	1
overload,F,10:00AM - 10:59AM,-25,Baldy 206,	1
overload,F,10:00AM - 10:59AM,-28,Alumni 75,	1
overload,F,10:00AM - 10:59AM,-6,Frnczk 341,	1
overload,F,10:00AM - 10:59AM,-72,Bioed 235,	1
overload,F,10:00AM - 10:59AM,-81,Cfa B84,	1
overload,F,11:00AM - 11:59AM,-10,Frnczk 341,	1
overload,F,11:00AM - 11:59AM,-20,Wende 26,	1
overload,F,11:00AM - 11:59AM,-22,Alumni 195,	1
overload,F,11:00AM - 11:59AM,-27,Frnczk 300,	1
overload,F,12:00PM - 12:59PM,-26,Frnczk 324,	1
overload,F,12:00PM - 12:59PM,-30,Frnczk 341,	1
overload,F,12:00PM - 12:59PM,-30,Furnas 1019,	1
overload,F,12:00PM - 12:59PM,-34,Obrian 214,	1
overload,F,12:00PM - 12:59PM,-7,Frnczk 341,	1
overload,F,1:00PM - 1:59PM,-18,Crosby 330,	1
overload,F,1:00PM - 1:59PM,-20,Wende 26,	1
overload,F,1:00PM - 1:59PM,-21,Alumni 75,	1
overload,F,1:00PM - 1:59PM,-27,Frnczk 300,	1
overload,F,1:00PM - 1:59PM,-30,Jarvis 216,	1
overload,F,1:00PM - 1:59PM,-31,Bell 340,	1
overload,F,1:00PM - 1:59PM,-69,Bioed 235,	1
overload,F,2:00PM - 2:59PM,-12,Wende 26,	1
overload,F,2:00PM - 2:59PM,-14,Farber 180,	1
overload,F,3:00PM - 3:59PM,-12,Parker 110,	1
overload,F,3:00PM - 3:59PM,-181,Davis 101,	1
overload,F,3:00PM - 3:59PM,-25,Clemen 1030,	1
overload,F,3:00PM - 3:59PM,-26,Frnczk 324,	1
overload,F,3:00PM - 3:59PM,-27,Frnczk 300,	1
overload,F,3:00PM - 3:59PM,-30,Alumni 75,	1
overload,F,3:00PM - 3:59PM,-70,Bioed 235,	1
overload,F,3:00PM - 3:59PM,-8,Frnczk 341,	1
overload,F,4:00PM - 4:59PM,-25,Baldy 206,	1
overload,F,4:00PM - 4:59PM,-29,Furnas 1019,	1
overload,F,6:00PM - 6:59PM,-26,Frnczk 324,	1
overload,F,8:00AM - 8:59AM,-12,Parker 117,	1
overload,F,8:00AM - 8:59AM,-20,Dfn_A 09,	1
overload,F,8:00AM - 8:59AM,-72,Wende 402,	1
overload,F,8:00AM - 8:59AM,-92,Squire B28,	1
overload,F,9:00AM - 9:59AM,-2,Clemen 714,	1
overload,F,9:00AM - 9:59AM,-20,Wende 26,	1
overload,F,9:00AM - 9:59AM,-23,Alumni 144,	1
overload,F,9:00AM - 9:59AM,-25,Baldy 206,	1
overload,F,9:00AM - 9:59AM,-25,Frnczk 324,	1
overload,F,9:00AM - 9:59AM,-27,Frnczk 300,	1
overload,F,9:00AM - 9:59AM,-30,Furnas 1019,	1
overload,F,Unknown,-134,Kapoor 130,	1
overload,M,10:00AM - 10:59AM,-11,Frnczk 341,	1
overload,M,10:00AM - 10:59AM,-40,Alumni 75,	1
overload,M,10:00AM - 10:59AM,-6,Frnczk 341,	1
overload,M,11:00AM - 11:59AM,-10,Frnczk 341,	1
overload,M,11:00AM - 11:59AM,-16,Wende B08,	1
overload,M,11:00AM - 11:59AM,-21,Dfn_A 30,	1
overload,M,12:00PM - 12:59PM,-30,Alumni 75,	1
overload,M,12:00PM - 12:59PM,-30,Frnczk 341,	1
overload,M,12:00PM - 12:59PM,-31,Furnas 416,	1
overload,M,12:00PM - 12:59PM,-34,Obrian 214,	1
overload,M,12:00PM - 12:59PM,-46,Alumni 75,	1
overload,M,12:00PM - 12:59PM,-46,Baldy 108,	1
overload,M,12:00PM - 12:59PM,-46,Squire 326,	1
overload,M,12:00PM - 12:59PM,-6,Cfa 140,	1
overload,M,12:00PM - 12:59PM,-7,Frnczk 341,	1
overload,M,12:00PM - 12:59PM,-9,Cfa B13,	1
overload,M,1:00PM - 1:59PM,-11,Cooke 109,	1
overload,M,1:00PM - 1:59PM,-13,Baldy 415,	1
overload,M,1:00PM - 1:59PM,-16,Nsc 350,	1
overload,M,1:00PM - 1:59PM,-18,Crosby 330,	1
overload,M,1:00PM - 1:59PM,-21,Dfn_A 30,	1
overload,M,1:00PM - 1:59PM,-21,Squire 362,	1
overload,M,1:00PM - 1:59PM,-24,Cooke 210,	1
overload,M,1:00PM - 1:59PM,-24,Hoch 212,	1
overload,M,1:00PM - 1:59PM,-26,Baird 327,	1
overload,M,1:00PM - 1:59PM,-30,Bell 340,	1
overload,M,1:00PM - 1:59PM,-30,Furnas 1019,	1
overload,M,1:00PM - 1:59PM,-35,Cfa 146,	1
overload,M,2:00PM - 2:59PM,-16,Alumni 195,	1
overload,M,2:00PM - 2:59PM,-18,Bioed 240,	1
overload,M,2:00PM - 2:59PM,-20,Dfn_A 09,	1
overload,M,2:00PM - 2:59PM,-27,Jarvis 216,	1
overload,M,2:00PM - 2:59PM,-27,Squire 362,	1
overload,M,2:00PM - 2:59PM,-28,Greiner 134C,	1
overload,M,2:00PM - 2:59PM,-55,Jacobs 122,	1
overload,M,3:00PM - 3:59PM,-17,Dfn_A 09,	1
overload,M,3:00PM - 3:59PM,-181,Davis 101,	1
overload,M,3:00PM - 3:59PM,-25,Clemen 1030,	1
overload,M,3:00PM - 3:59PM,-8,Frnczk 341,	1
overload,M,4:00PM - 4:59PM,-16,Baldy 200C,	1
overload,M,4:00PM - 4:59PM,-21,Foster 215,	1
overload,M,4:00PM - 4:59PM,-6,Baldy 560,	1
overload,M,5:00PM - 5:59PM,-27,Jarvis 216,	1
overload,M,5:00PM - 5:59PM,-32,Alumni 75,	1
overload,M,7:00PM - 7:59PM,-24,Cooke 210,	1
overload,M,8:00AM - 8:59AM,-24,Dfn_A 09,	1
overload,M,8:00AM - 8:59AM,-42,Alumni 75,	1
overload,M,8:00AM - 8:59AM,-45,Alumni 75,	1
overload,M,9:00AM - 9:59AM,-11,Cary 122C,	1
overload,M,9:00AM - 9:59AM,-13,Park 545,	1
overload,M,9:00AM - 9:59AM,-18,Cfa 136,	1
overload,M,9:00AM - 9:59AM,-19,Bioed 240,	1
overload,M,9:00AM - 9:59AM,-30,Bell 340,	1
overload,M,Before 8:00AM,-20,Alumni 144,	1
overload,R,10:00AM - 10:59AM,-40,Alumni 75,	1
overload,R,10:00AM - 10:59AM,-42,Alumni 75,	1
overload,R,11:00AM - 11:59AM,-22,Bell 427,	1
overload,R,11:00AM - 11:59AM,-23,Park 450,	1
overload,R,11:00AM - 11:59AM,-25,Baldy 117,	1
overload,R,11:00AM - 11:59AM,-26,Wilksn 145H,	1
overload,R,11:00AM - 11:59AM,-27,Frnczk 300,	1
overload,R,11:00AM - 11:59AM,-28,Jarvis 216,	1
overload,R,11:00AM - 11:59AM,-36,Alumni 75,	1
overload,R,11:00AM - 11:59AM,-40,Alumni 75,	1
overload,R,12:00PM - 12:59PM,-13,Wilksn 106,	1
overload,R,12:00PM - 12:59PM,-17,Cfa 136,	1
overload,R,12:00PM - 12:59PM,-17,Furnas 416,	1
overload,R,12:00PM - 12:59PM,-18,Clemen 438,	1
overload,R,12:00PM - 12:59PM,-31,Frnczk 341,	1
overload,R,12:00PM - 12:59PM,-46,Clemen 04,	1
overload,R,12:00PM - 12:59PM,-6,Cfa B24,	1
overload,R,1:00PM - 1:59PM,-13,Parker 18,	1
overload,R,1:00PM - 1:59PM,-138,Kapoor 264A,	1
overload,R,1:00PM - 1:59PM,-19,Cfa B76,	1
overload,R,1:00PM - 1:59PM,-21,Cooke 210,	1
overload,R,1:00PM - 1:59PM,-24,Hoch 212,	1
overload,R,1:00PM - 1:59PM,-72,Dfn 202,	1
overload,R,1:00PM - 1:59PM,-92,Squire B28,	1
overload,R,2:00PM - 2:59PM,-16,Frnczk 200,	1
overload,R,2:00PM - 2:59PM,-18,Frnczk 341,	1
overload,R,2:00PM - 2:59PM,-22,Alumni 195,	1
overload,R,2:00PM - 2:59PM,-23,Jarvis 216,	1
overload,R,2:00PM - 2:59PM,-24,Dfn_A 09,	1
overload,R,2:00PM - 2:59PM,-3,Farber 180,	1
overload,R,2:00PM - 2:59PM,-39,Alumni 75,	1
overload,R,3:00PM - 3:59PM,-14,Cfa B76,	1
overload,R,3:00PM - 3:59PM,-20,Alumni 190,	1
overload,R,3:00PM - 3:59PM,-27,Frnczk 324,	1
overload,R,3:00PM - 3:59PM,-30,Furnas 1019,	1
overload,R,3:00PM - 3:59PM,-40,Davis 113A,	1
overload,R,4:00PM - 4:59PM,-11,Park 545,	1
overload,R,4:00PM - 4:59PM,-12,Baldy 415,	1
overload,R,4:00PM - 4:59PM,-21,Alumni 144,	1
overload,R,4:00PM - 4:59PM,-22,Alumni 144,	1
overload,R,4:00PM - 4:59PM,-26,Frnczk 300,	1
overload,R,4:00PM - 4:59PM,-33,Squire 326,	1
overload,R,4:00PM - 4:59PM,-9,Baldy 17,	1
overload,R,4:00PM - 4:59PM,-9,Baldy 560,	1
overload,R,4:00PM - 4:59PM,-9,Squire 325,	1
overload,R,5:00PM - 5:59PM,-27,Jarvis 216,	1
overload,R,6:00PM - 6:59PM,-27,Frnczk 300,	1
overload,R,6:00PM - 6:59PM,-27,Frnczk 324,	1
overload,R,6:00PM - 6:59PM,-33,Davis 113A,	1
overload,R,7:00PM - 7:59PM,-14,Frnczk 200,	1
overload,R,7:00PM - 7:59PM,-15,Cfa 136,	1
overload,R,7:00PM - 7:59PM,-8,Baldy 560,	1
overload,R,8:00AM - 8:59AM,-112,Dfn 202,	1
overload,R,8:00AM - 8:59AM,-24,Cooke 210,	1
overload,R,8:00AM - 8:59AM,-27,Furnas 416,	1
overload,R,8:00AM - 8:59AM,-29,Jarvis 216,	1
overload,R,8:00AM - 8:59AM,-35,Jacobs 320,	1
overload,R,8:00AM - 8:59AM,-72,Wende 402,	1
overload,R,8:00AM - 8:59AM,-92,Squire B28,	1
overload,R,8:00PM - 8:59PM,-26,Frnczk 300,	1
overload,R,9:00AM - 9:59AM,-14,Baldy 415,	1
overload,R,9:00AM - 9:59AM,-15,Bell 341,	1
overload,R,9:00AM - 9:59AM,-17,Crosby 150,	1
overload,R,9:00AM - 9:59AM,-19,Bioed 240,	1
overload,R,9:00AM - 9:59AM,-21,Dfn_A 30,	1
overload,R,9:00AM - 9:59AM,-27,Frnczk 324,	1
overload,R,9:00AM - 9:59AM,-31,Frnczk 341,	1
overload,R,9:00AM - 9:59AM,-36,Alumni 75,	1
overload,R,9:00AM - 9:59AM,-36,Capen 258,	1
overload,R,9:00AM - 9:59AM,-40,Alumni 75,	1
overload,R,9:00AM - 9:59AM,-5,Farber 180,	1
overload,R,9:00AM - 9:59AM,-68,Filmor 322,	1
overload,R,Before 8:00AM,-10,Baldy 430,	1
overload,R,Before 8:00AM,-10,Baldy 473,	1
overload,R,Before 8:00AM,-10,Cooke 355,	1
overload,R,Before 8:00AM,-10,Hoch 243,	1
overload,R,Before 8:00AM,-10,Squire 355,	1
overload,R,Before 8:00AM,-11,Bioed 81,	1
overload,R,Before 8:00AM,-11,Hoch 623,	1
overload,R,Before 8:00AM,-12,Baird 214,	1
overload,R,Before 8:00AM,-12,Baird 312,	1
overload,R,Before 8:00AM,-12,Baldy 320,	1
overload,R,Before 8:00AM,-13,Jacobs 222,	1
overload,R,Before 8:00AM,-14,Baldy 486,	1
overload,R,Before 8:00AM,-14,Hoch 621,	1
overload,R,Before 8:00AM,-150,Bioed 333,	1
overload,R,Before 8:00AM,-16,Hoch 621,	1
overload,R,Before 8:00AM,-17,Furnas 1007,	1
overload,R,Before 8:00AM,-2,Baird 430,	1
overload,R,Before 8:00AM,-2,Baird 436,	1
overload,R,Before 8:00AM,-2,Baird 446,	1
overload,R,Before 8:00AM,-2,Baldy 482,	1
overload,R,Before 8:00AM,-2,Bell 243,	1
overload,R,Before 8:00AM,-2,Bell 342,	1
overload,R,Before 8:00AM,-2,Biores 613,	1
overload,R,Before 8:00AM,-2,Biores 622,	1
overload,R,Before 8:00AM,-2,Cfa 226,	1
overload,R,Before 8:00AM,-2,Cfa 226A,	1
overload,R,Before 8:00AM,-2,Cfa 229,	1
overload,R,Before 8:00AM,-2,Cfa 229A,	1
overload,R,Before 8:00AM,-2,Cfa B18,	1
overload,R,Before 8:00AM,-2,Clemen 401,	1
overload,R,Before 8:00AM,-2,Clemen 403,	1
overload,R,Before 8:00AM,-2,Clemen 405,	1
overload,R,Before 8:00AM,-2,Clemen 503,	1
overload,R,Before 8:00AM,-2,Clemen 511,	1
overload,R,Before 8:00AM,-2,Clemen 545,	1
overload,R,Before 8:00AM,-2,Cooke 329,	1
overload,R,Before 8:00AM,-2,Cooke 607,	1
overload,R,Before 8:00AM,-2,Cooke 619,	1
overload,R,Before 8:00AM,-2,Dorshe 107A,	1
overload,R,Before 8:00AM,-2,Foster 135,	1
overload,R,Before 8:00AM,-2,Frnczk 405,	1
overload,R,Before 8:00AM,-2,Frnczk 445,	1
overload,R,Before 8:00AM,-2,Frnczk 449,	1
overload,R,Before 8:00AM,-2,Furnas 1009,	1
overload,R,Before 8:00AM,-2,Furnas 506,	1
overload,R,Before 8:00AM,-2,Furnas 608,	1
overload,R,Before 8:00AM,-2,Furnas 609,	1
overload,R,Before 8:00AM,-2,Furnas 611,	1
overload,R,Before 8:00AM,-2,Furnas 908,	1
overload,R,Before 8:00AM,-2,Hoch 447,	1
overload,R,Before 8:00AM,-2,Hoch 623,	1
overload,R,Before 8:00AM,-2,Hoch 637,	1
overload,R,Before 8:00AM,-2,Hoch 643,	1
overload,R,Before 8:00AM,-2,Hoch 645,	1
overload,R,Before 8:00AM,-2,Hoch 653,	1
overload,R,Before 8:00AM,-2,Hoch 661,	1
overload,R,Before 8:00AM,-2,Jarvis 326,	1
overload,R,Before 8:00AM,-2,Jarvis 339,	1
overload,R,Before 8:00AM,-2,Jarvis 340,	1
overload,R,Before 8:00AM,-2,Park 105,	1
overload,R,Before 8:00AM,-2,Park 106,	1
overload,R,Before 8:00AM,-2,Park 122,	1
overload,R,Before 8:00AM,-2,Park 126,	1
overload,R,Before 8:00AM,-2,Park 525,	1
overload,R,Before 8:00AM,-2,Park 552,	1
overload,R,Before 8:00AM,-2,Park 554,	1
overload,R,Before 8:00AM,-2,Park 563,	1
overload,R,Before 8:00AM,-2,Park 565,	1
overload,R,Before 8:00AM,-2,Park 569,	1
overload,R,Before 8:00AM,-2,Spldng 165,	1
overload,R,Before 8:00AM,-2,Spldng 171,	1
overload,R,Before 8:00AM,-2,Spldng 174,	1
overload,R,Before 8:00AM,-2,Spldng 177,	1
overload,R,Before 8:00AM,-2,Wilksn 120,	1
overload,R,Before 8:00AM,-22,Bioed 81,	1
overload,R,Before 8:00AM,-22,Cfa 229,	1
overload,R,Before 8:00AM,-24,Bioed 84,	1
overload,R,Before 8:00AM,-25,Bioed 84,	1
overload,R,Before 8:00AM,-26,Nsc 611,	1
overload,R,Before 8:00AM,-3,Baird 308,	1
overload,R,Before 8:00AM,-3,Baldy 471,	1
overload,R,Before 8:00AM,-3,Baldy 482,	1
overload,R,Before 8:00AM,-3,Baldy 544,	1
overload,R,Before 8:00AM,-3,Baldy 660,	1
overload,R,Before 8:00AM,-3,Baldy 683,	1
overload,R,Before 8:00AM,-3,Bell 342,	1
overload,R,Before 8:00AM,-3,Biores 249,	1
overload,R,Before 8:00AM,-3,Biores 253,	1
overload,R,Before 8:00AM,-3,Biores 622,	1
overload,R,Before 8:00AM,-3,Cary 03,	1
overload,R,Before 8:00AM,-3,Cary 28,	1
overload,R,Before 8:00AM,-3,Cfa 227,	1
overload,R,Before 8:00AM,-3,Cfa 230,	1
overload,R,Before 8:00AM,-3,Clemen 403,	1
overload,R,Before 8:00AM,-3,Clemen 437,	1
overload,R,Before 8:00AM,-3,Clemen 505,	1
overload,R,Before 8:00AM,-3,Clemen 533,	1
overload,R,Before 8:00AM,-3,Clemen 537,	1
overload,R,Before 8:00AM,-3,Clemen 541,	1
overload,R,Before 8:00AM,-3,Clemen 608,	1
overload,R,Before 8:00AM,-3,Clemen 631,	1
overload,R,Before 8:00AM,-3,Cooke 329,	1
overload,R,Before 8:00AM,-3,Cooke 355,	1
overload,R,Before 8:00AM,-3,Cooke 517,	1
overload,R,Before 8:00AM,-3,Cooke 607,	1
overload,R,Before 8:00AM,-3,Cooke 661,	1
overload,R,Before 8:00AM,-3,Frnczk 426,	1
overload,R,Before 8:00AM,-3,Frnczk 431,	1
overload,R,Before 8:00AM,-3,Furnas 1010,	1
overload,R,Before 8:00AM,-3,Furnas 309,	1
overload,R,Before 8:00AM,-3,Furnas 319,	1
overload,R,Before 8:00AM,-3,Furnas 509,	1
overload,R,Before 8:00AM,-3,Furnas 510,	1
overload,R,Before 8:00AM,-3,Furnas 612,	1
overload,R,Before 8:00AM,-3,Hoch 447,	1
overload,R,Before 8:00AM,-3,Hoch 621,	1
overload,R,Before 8:00AM,-3,Hoch 623,	1
overload,R,Before 8:00AM,-3,Hoch 637,	1
overload,R,Before 8:00AM,-3,Hoch 661,	1
overload,R,Before 8:00AM,-3,Nsc 608,	1
overload,R,Before 8:00AM,-3,Nsc 660,	1
overload,R,Before 8:00AM,-3,Park 119,	1
overload,R,Before 8:00AM,-3,Park 525,	1
overload,R,Before 8:00AM,-3,Park 552,	1
overload,R,Before 8:00AM,-3,Park 557,	1
overload,R,Before 8:00AM,-3,Squire 308,	1
overload,R,Before 8:00AM,-3,Wilksn 105,	1
overload,R,Before 8:00AM,-3,Wilksn 111,	1
overload,R,Before 8:00AM,-3,Wilksn 119,	1
overload,R,Before 8:00AM,-30,Hoch 621,	1
overload,R,Before 8:00AM,-4,Baird 216,	1
overload,R,Before 8:00AM,-4,Baird 312,	1
overload,R,Before 8:00AM,-4,Baird 414,	1
overload,R,Before 8:00AM,-4,Baird 422,	1
overload,R,Before 8:00AM,-4,Baird 430,	1
overload,R,Before 8:00AM,-4,Baird 446,	1
overload,R,Before 8:00AM,-4,Baldy 434,	1
overload,R,Before 8:00AM,-4,Baldy 545,	1
overload,R,Before 8:00AM,-4,Bell 201,	1
overload,R,Before 8:00AM,-4,Bioed 81,	1
overload,R,Before 8:00AM,-4,Biores 213,	1
overload,R,Before 8:00AM,-4,Cfa 226A,	1
overload,R,Before 8:00AM,-4,Cfa B34,	1
overload,R,Before 8:00AM,-4,Clemen 319,	1
overload,R,Before 8:00AM,-4,Clemen 407,	1
overload,R,Before 8:00AM,-4,Clemen 539,	1
overload,R,Before 8:00AM,-4,Clemen 541,	1
overload,R,Before 8:00AM,-4,Clemen 641,	1
overload,R,Before 8:00AM,-4,Clemen 712,	1
overload,R,Before 8:00AM,-4,Cooke 370,	1
overload,R,Before 8:00AM,-4,Cooke 619,	1
overload,R,Before 8:00AM,-4,Filmor 370,	1
overload,R,Before 8:00AM,-4,Frnczk 201A,	1
overload,R,Before 8:00AM,-4,Furnas 1011,	1
overload,R,Before 8:00AM,-4,Furnas 319,	1
overload,R,Before 8:00AM,-4,Furnas 508,	1
overload,R,Before 8:00AM,-4,Furnas 904,	1
overload,R,Before 8:00AM,-4,Hoch 447,	1
overload,R,Before 8:00AM,-4,Nsc 531,	1
overload,R,Before 8:00AM,-4,Slee 113,	1
overload,R,Before 8:00AM,-4,Slee 116,	1
overload,R,Before 8:00AM,-4,Spldng 165,	1
overload,R,Before 8:00AM,-4,Squire 308,	1
overload,R,Before 8:00AM,-4,Squire 355,	1
overload,R,Before 8:00AM,-4,Studen 114,	1
overload,R,Before 8:00AM,-4,Wilksn 105,	1
overload,R,Before 8:00AM,-45,Bioed 235,	1
overload,R,Before 8:00AM,-5,Baird 234,	1
overload,R,Before 8:00AM,-5,Baird 410,	1
overload,R,Before 8:00AM,-5,Baird B18,	1
overload,R,Before 8:00AM,-5,Baldy 505,	1
overload,R,Before 8:00AM,-5,Baldy 526,	1
overload,R,Before 8:00AM,-5,Cary 26,	1
overload,R,Before 8:00AM,-5,Cfa 135,	1
overload,R,Before 8:00AM,-5,Cfa 138,	1
overload,R,Before 8:00AM,-5,Clemen 303,	1
overload,R,Before 8:00AM,-5,Clemen 509,	1
overload,R,Before 8:00AM,-5,Cooke 641,	1
overload,R,Before 8:00AM,-5,Furnas 1007,	1
overload,R,Before 8:00AM,-5,Furnas 1013,	1
overload,R,Before 8:00AM,-5,Furnas 906,	1
overload,R,Before 8:00AM,-5,Hoch 125A,	1
overload,R,Before 8:00AM,-5,Jarvis 318,	1
overload,R,Before 8:00AM,-5,Jarvis 324,	1
overload,R,Before 8:00AM,-5,Kimbal 504,	1
overload,R,Before 8:00AM,-5,Nsc 582,	1
overload,R,Before 8:00AM,-5,Nsc 630,	1
overload,R,Before 8:00AM,-5,Nsc 771,	1
overload,R,Before 8:00AM,-5,Park 115,	1
overload,R,Before 8:00AM,-5,Spldng 134,	1
overload,R,Before 8:00AM,-5,Wilksn 105,	1
overload,R,Before 8:00AM,-5,Wilksn 120,	1
overload,R,Before 8:00AM,-6,Baird 214,	1
overload,R,Before 8:00AM,-6,Baldy 217,	1
overload,R,Before 8:00AM,-6,Baldy 478,	1
overload,R,Before 8:00AM,-6,Cfa 228,	1
overload,R,Before 8:00AM,-6,Clemen 637,	1
overload,R,Before 8:00AM,-6,Cooke 341,	1
overload,R,Before 8:00AM,-6,Furnas 319,	1
overload,R,Before 8:00AM,-6,Hoch 609,	1
overload,R,Before 8:00AM,-6,Nsc 475,	1
overload,R,Before 8:00AM,-6,Nsc 538,	1
overload,R,Before 8:00AM,-6,Rchmnd 361,	1
overload,R,Before 8:00AM,-7,Baldy 426,	1
overload,R,Before 8:00AM,-7,Clemen 306,	1
overload,R,Before 8:00AM,-7,Clemen 401,	1
overload,R,Before 8:00AM,-7,Clemen 537,	1
overload,R,Before 8:00AM,-7,Frnczk 431,	1
overload,R,Before 8:00AM,-7,Hoch 623,	1
overload,R,Before 8:00AM,-7,Nsc 411,	1
overload,R,Before 8:00AM,-7,Nsc 585,	1
overload,R,Before 8:00AM,-7,Park 136C,	1
overload,R,Before 8:00AM,-8,Baldy 485,	1
overload,R,Before 8:00AM,-8,Furnas 506,	1
overload,R,Before 8:00AM,-8,Kimbal 401,	1
overload,R,Before 8:00AM,-8,Nsc 620,	1
overload,R,Before 8:00AM,-8,Nsc 838,	1
overload,R,Before 8:00AM,-8,Rchmnd 361,	1
overload,R,Before 8:00AM,-8,Slee 116,	1
overload,R,Before 8:00AM,-9,Baldy 505,	1
overload,R,Before 8:00AM,-9,Bell 438,	1
overload,R,Before 8:00AM,-9,Nsc 608,	1
overload,R,Before 8:00AM,-91,Bioed 333,	1
overload,R,Unknown,-2,Furnas 309,	1
overload,R,Unknown,-3,Studen 240,	1
overload,R,Unknown,-4,Baird 316,	1
overload,R,Unknown,-90,Squire B28,	1
overload,T,10:00AM - 10:59AM,-134,Kapoor 264B,	1
overload,T,10:00AM - 10:59AM,-18,Frnczk 341,	1
overload,T,10:00AM - 10:59AM,-40,Alumni 75,	1
overload,T,10:00AM - 10:59AM,-42,Alumni 75,	1
overload,T,11:00AM - 11:59AM,-24,Bell 427,	1
overload,T,11:00AM - 11:59AM,-25,Baldy 117,	1
overload,T,11:00AM - 11:59AM,-26,Wilksn 145H,	1
overload,T,11:00AM - 11:59AM,-27,Jarvis 216,	1
overload,T,11:00AM - 11:59AM,-36,Alumni 75,	1
overload,T,11:00AM - 11:59AM,-40,Alumni 75,	1
overload,T,12:00PM - 12:59PM,-13,Wilksn 106,	1
overload,T,12:00PM - 12:59PM,-17,Cfa 136,	1
overload,T,12:00PM - 12:59PM,-18,Clemen 438,	1
overload,T,12:00PM - 12:59PM,-46,Clemen 04,	1
overload,T,12:00PM - 12:59PM,-6,Cfa B24,	1
overload,T,1:00PM - 1:59PM,-11,Baldy 415,	1
overload,T,1:00PM - 1:59PM,-13,Parker 18,	1
overload,T,1:00PM - 1:59PM,-138,Kapoor 264A,	1
overload,T,1:00PM - 1:59PM,-16,Nsc 350,	1
overload,T,1:00PM - 1:59PM,-19,Cfa B76,	1
overload,T,1:00PM - 1:59PM,-24,Cooke 210,	1
overload,T,1:00PM - 1:59PM,-24,Hoch 212,	1
overload,T,1:00PM - 1:59PM,-30,Furnas 1019,	1
overload,T,1:00PM - 1:59PM,-72,Dfn 202,	1
overload,T,2:00PM - 2:59PM,-15,Frnczk 200,	1
overload,T,2:00PM - 2:59PM,-16,Frnczk 200,	1
overload,T,2:00PM - 2:59PM,-18,Frnczk 341,	1
overload,T,2:00PM - 2:59PM,-20,Dfn_A 09,	1
overload,T,2:00PM - 2:59PM,-22,Alumni 195,	1
overload,T,2:00PM - 2:59PM,-39,Alumni 75,	1
overload,T,2:00PM - 2:59PM,-4,Clemen 910,	1
overload,T,2:00PM - 2:59PM,-41,Norton 214,	1
overload,T,3:00PM - 3:59PM,-14,Cfa B76,	1
overload,T,3:00PM - 3:59PM,-19,Park 425,	1
overload,T,3:00PM - 3:59PM,-20,Alumni 190,	1
overload,T,3:00PM - 3:59PM,-20,Dfn_A 09,	1
overload,T,3:00PM - 3:59PM,-30,Furnas 1019,	1
overload,T,3:00PM - 3:59PM,-30,Studen 235,	1
overload,T,3:00PM - 3:59PM,-40,Davis 113A,	1
overload,T,4:00PM - 4:59PM,-11,Squire 140,	1
overload,T,4:00PM - 4:59PM,-12,Baldy 415,	1
overload,T,4:00PM - 4:59PM,-12,Furnas 207,	1
overload,T,4:00PM - 4:59PM,-21,Alumni 144,	1
overload,T,4:00PM - 4:59PM,-22,Alumni 144,	1
overload,T,4:00PM - 4:59PM,-22,Wende B08,	1
overload,T,4:00PM - 4:59PM,-24,Cooke 210,	1
overload,T,4:00PM - 4:59PM,-24,Squire 325,	1
overload,T,4:00PM - 4:59PM,-25,Baldy 474,	1
overload,T,4:00PM - 4:59PM,-30,Bell 340,	1
overload,T,4:00PM - 4:59PM,-5,Baldy 560,	1
overload,T,4:00PM - 4:59PM,-9,Baldy 17,	1
overload,T,5:00PM - 5:59PM,-12,Parker 204,	1
overload,T,5:00PM - 5:59PM,-30,Jarvis 216,	1
overload,T,6:00PM - 6:59PM,-20,Hoch 212,	1
overload,T,6:00PM - 6:59PM,-24,Baldy 200C,	1
overload,T,6:00PM - 6:59PM,-33,Davis 113A,	1
overload,T,7:00PM - 7:59PM,-11,Baldy 415,	1
overload,T,7:00PM - 7:59PM,-15,Cfa 136,	1
overload,T,7:00PM - 7:59PM,-16,Frnczk 200,	1
overload,T,7:00PM - 7:59PM,-24,Cooke 210,	1
overload,T,8:00AM - 8:59AM,-14,Furnas 416,	1
overload,T,8:00AM - 8:59AM,-19,Furnas 416,	1
overload,T,8:00AM - 8:59AM,-28,Jarvis 216,	1
overload,T,8:00AM - 8:59AM,-35,Jacobs 320,	1
overload,T,8:00AM - 8:59AM,-41,Dfn_A 30,	1
overload,T,8:00AM - 8:59AM,-92,Squire B28,	1
overload,T,9:00AM - 9:59AM,-15,Bell 341,	1
overload,T,9:00AM - 9:59AM,-17,Crosby 150,	1
overload,T,9:00AM - 9:59AM,-19,Bioed 240,	1
overload,T,9:00AM - 9:59AM,-21,Cooke 210,	1
overload,T,9:00AM - 9:59AM,-24,Frnczk 341,	1
overload,T,9:00AM - 9:59AM,-36,Alumni 75,	1
overload,T,9:00AM - 9:59AM,-36,Capen 258,	1
overload,T,9:00AM - 9:59AM,-40,Alumni 75,	1
overload,T,9:00AM - 9:59AM,-68,Filmor 322,	1
overload,W,10:00AM - 10:59AM,-11,Frnczk 341,	1
overload,W,10:00AM - 10:59AM,-118,Kapoor 250,	1
overload,W,10:00AM - 10:59AM,-13,Frnczk 200,	1
overload,W,10:00AM - 10:59AM,-16,Frnczk 200,	1
overload,W,10:00AM - 10:59AM,-22,Dfn_A 30,	1
overload,W,10:00AM - 10:59AM,-24,Foster 215,	1
overload,W,10:00AM - 10:59AM,-40,Alumni 75,	1
overload,W,10:00AM - 10:59AM,-6,Frnczk 341,	1
overload,W,10:00AM - 10:59AM,-71,Bioed 235,	1
overload,W,11:00AM - 11:59AM,-10,Frnczk 341,	1
overload,W,11:00AM - 11:59AM,-27,Frnczk 300,	1
overload,W,11:00AM - 11:59AM,-33,Greiner 134C,	1
overload,W,11:00AM - 11:59AM,-41,Furnas 211,	1
overload,W,11:00AM - 11:59AM,-90,Squire B28,	1
overload,W,12:00PM - 12:59PM,-22,Baldy 118,	1
overload,W,12:00PM - 12:59PM,-27,Frnczk 324,	1
overload,W,12:00PM - 12:59PM,-30,Alumni 75,	1
overload,W,12:00PM - 12:59PM,-30,Frnczk 341,	1
overload,W,12:00PM - 12:59PM,-30,Furnas 1019,	1
overload,W,12:00PM - 12:59PM,-30,Jarvis 216,	1
overload,W,12:00PM - 12:59PM,-32,Furnas 416,	1
overload,W,12:00PM - 12:59PM,-34,Obrian 214,	1
overload,W,12:00PM - 12:59PM,-44,Dfn_A 30,	1
overload,W,12:00PM - 12:59PM,-46,Alumni 75,	1
overload,W,12:00PM - 12:59PM,-46,Cooke 508,	1
overload,W,12:00PM - 12:59PM,-5,Clemen 438,	1
overload,W,12:00PM - 12:59PM,-6,Cfa 140,	1
overload,W,12:00PM - 12:59PM,-7,Frnczk 341,	1
overload,W,12:00PM - 12:59PM,-9,Cfa B13,	1
overload,W,1:00PM - 1:59PM,-139,Kapoor 183A,	1
overload,W,1:00PM - 1:59PM,-14,Baldy 415,	1
overload,W,1:00PM - 1:59PM,-18,Crosby 330,	1
overload,W,1:00PM - 1:59PM,-19,Studen 235,	1
overload,W,1:00PM - 1:59PM,-23,Hoch 212,	1
overload,W,1:00PM - 1:59PM,-24,Cooke 210,	1
overload,W,1:00PM - 1:59PM,-26,Baird 327,	1
overload,W,1:00PM - 1:59PM,-27,Frnczk 300,	1
overload,W,1:00PM - 1:59PM,-3,Farber 180,	1
overload,W,1:00PM - 1:59PM,-35,Cfa 146,	1
overload,W,1:00PM - 1:59PM,-44,Dfn_A 30,	1
overload,W,1:00PM - 1:59PM,-72,Bioed 235,	1
overload,W,1:00PM - 1:59PM,-91,Squire B28,	1
overload,W,2:00PM - 2:59PM,-10,Obrian 504,	1
overload,W,2:00PM - 2:59PM,-138,Kapoor 252,	1
overload,W,2:00PM - 2:59PM,-15,Clemen 610,	1
overload,W,2:00PM - 2:59PM,-16,Alumni 195,	1
overload,W,2:00PM - 2:59PM,-19,Bioed 240,	1
overload,W,2:00PM - 2:59PM,-30,Furnas 1019,	1
overload,W,2:00PM - 2:59PM,-55,Jacobs 122,	1
overload,W,2:00PM - 2:59PM,-9,Studen 235,	1
overload,W,3:00PM - 3:59PM,-10,Clemen 610,	1
overload,W,3:00PM - 3:59PM,-181,Davis 101,	1
overload,W,3:00PM - 3:59PM,-25,Clemen 1030,	1
overload,W,3:00PM - 3:59PM,-27,Frnczk 324,	1
overload,W,3:00PM - 3:59PM,-70,Bioed 235,	1
overload,W,3:00PM - 3:59PM,-8,Frnczk 341,	1
overload,W,4:00PM - 4:59PM,-12,Baldy 17,	1
overload,W,4:00PM - 4:59PM,-23,Clemen 219,	1
overload,W,4:00PM - 4:59PM,-23,Cooke 210,	1
overload,W,4:00PM - 4:59PM,-49,Wende B08,	1
overload,W,4:00PM - 4:59PM,-8,Baldy 560,	1
overload,W,5:00PM - 5:59PM,-11,Dfn_A 09,	1
overload,W,5:00PM - 5:59PM,-21,Park 450,	1
overload,W,5:00PM - 5:59PM,-22,Alumni 195,	1
overload,W,5:00PM - 5:59PM,-27,Frnczk 300,	1
overload,W,5:00PM - 5:59PM,-27,Jarvis 216,	1
overload,W,5:00PM - 5:59PM,-32,Alumni 75,	1
overload,W,6:00PM - 6:59PM,-55,Jacobs 122,	1
overload,W,7:00PM - 7:59PM,-11,Park 545,	1
overload,W,7:00PM - 7:59PM,-15,Frnczk 200,	1
overload,W,7:00PM - 7:59PM,-23,Cooke 210,	1
overload,W,7:00PM - 7:59PM,-24,Baldy 415,	1
overload,W,7:00PM - 7:59PM,-26,Frnczk 300,	1
overload,W,7:00PM - 7:59PM,-8,Baldy 560,	1
overload,W,8:00AM - 8:59AM,-41,Alumni 75,	1
overload,W,8:00AM - 8:59AM,-42,Alumni 75,	1
overload,W,8:00AM - 8:59AM,-72,Wende 402,	1
overload,W,8:00AM - 8:59AM,-92,Squire B28,	1
overload,W,9:00AM - 9:59AM,-15,Park 545,	1
overload,W,9:00AM - 9:59AM,-18,Cfa 136,	1
overload,W,9:00AM - 9:59AM,-23,Dfn_A 09,	1
overload,W,9:00AM - 9:59AM,-24,Cooke 210,	1
overload,W,9:00AM - 9:59AM,-26,Frnczk 324,	1
overload,W,9:00AM - 9:59AM,-30,Furnas 1019,	1
overload,W,Before 8:00AM,-10,Park 361,	1
overload,W,Before 8:00AM,-10,Squire 250,	1
overload,W,Before 8:00AM,-12,Squire 140,	1
overload,W,Before 8:00AM,-13,Squire 140,	1
overload,W,Before 8:00AM,-15,Park 223,	1
overload,W,Before 8:00AM,-2,Farber 113,	1
overload,W,Before 8:00AM,-2,Farber 273,	1
overload,W,Before 8:00AM,-2,Frnczk 140,	1
overload,W,Before 8:00AM,-2,Frnczk 209,	1
overload,W,Before 8:00AM,-2,Frnczk 261,	1
overload,W,Before 8:00AM,-2,Frnczk 325,	1
overload,W,Before 8:00AM,-2,Park 344,	1
overload,W,Before 8:00AM,-2,Park 464,	1
overload,W,Before 8:00AM,-20,Alumni 144,	1
overload,W,Before 8:00AM,-3,Baldy 620,	1
overload,W,Before 8:00AM,-3,Frnczk 129,	1
overload,W,Before 8:00AM,-3,Frnczk 259,	1
overload,W,Before 8:00AM,-3,Frnczk 307,	1
overload,W,Before 8:00AM,-3,Frnczk 315,	1
overload,W,Before 8:00AM,-3,Park 466,	1
overload,W,Before 8:00AM,-4,Biores 630,	1
overload,W,Before 8:00AM,-4,Farber 113,	1
overload,W,Before 8:00AM,-4,Frnczk 225,	1
overload,W,Before 8:00AM,-4,Kimbal 532,	1
overload,W,Before 8:00AM,-4,Park 282,	1
overload,W,Before 8:00AM,-4,Park 463,	1
overload,W,Before 8:00AM,-45,Park 209,	1
overload,W,Before 8:00AM,-6,Kimbal 625,	1
overload,W,Before 8:00AM,-7,Park 344,	1
overload,W,Before 8:00AM,-8,Farber 180,	1
overload,W,Unknown,-2,Frnczk 327A,	1
